,dest_node,source_node,weight,source_class,dest_class,edge_class
0,DB00007,OMIM131200,1.0,Di,Dr,Di-Dr
1,DB00007,OMIM150699,1.0,Di,Dr,Di-Dr
2,DB00007,OMIM175510,1.0,Di,Dr,Di-Dr
3,DB00007,OMIM176807,1.0,Di,Dr,Di-Dr
4,DB00007,OMIM600082,1.0,Di,Dr,Di-Dr
5,DB00007,OMIM601518,1.0,Di,Dr,Di-Dr
6,DB00007,OMIM604416,1.0,Di,Dr,Di-Dr
7,DB00010,OMIM604416,1.0,Di,Dr,Di-Dr
8,DB00014,OMIM114480,1.0,Di,Dr,Di-Dr
9,DB00014,OMIM131200,1.0,Di,Dr,Di-Dr
10,DB00014,OMIM176807,1.0,Di,Dr,Di-Dr
11,DB00014,OMIM601518,1.0,Di,Dr,Di-Dr
12,DB00017,OMIM143880,1.0,Di,Dr,Di-Dr
13,DB00017,OMIM166710,1.0,Di,Dr,Di-Dr
14,DB00017,OMIM167320,1.0,Di,Dr,Di-Dr
15,DB00017,OMIM602080,1.0,Di,Dr,Di-Dr
16,DB00035,OMIM125700,1.0,Di,Dr,Di-Dr
17,DB00035,OMIM134430,1.0,Di,Dr,Di-Dr
18,DB00035,OMIM304900,1.0,Di,Dr,Di-Dr
19,DB00035,OMIM600631,1.0,Di,Dr,Di-Dr
20,DB00035,OMIM600808,1.0,Di,Dr,Di-Dr
21,DB00067,OMIM125700,1.0,Di,Dr,Di-Dr
22,DB00067,OMIM304900,1.0,Di,Dr,Di-Dr
23,DB00091,OMIM152700,1.0,Di,Dr,Di-Dr
24,DB00091,OMIM254200,1.0,Di,Dr,Di-Dr
25,DB00104,OMIM125852,1.0,Di,Dr,Di-Dr
26,DB00114,OMIM217200,1.0,Di,Dr,Di-Dr
27,DB00114,OMIM239350,1.0,Di,Dr,Di-Dr
28,DB00115,OMIM170900,1.0,Di,Dr,Di-Dr
29,DB00122,OMIM140600,1.0,Di,Dr,Di-Dr
30,DB00122,OMIM147530,1.0,Di,Dr,Di-Dr
31,DB00122,OMIM165720,1.0,Di,Dr,Di-Dr
32,DB00122,OMIM208230,1.0,Di,Dr,Di-Dr
33,DB00122,OMIM607459,1.0,Di,Dr,Di-Dr
34,DB00122,OMIM607850,1.0,Di,Dr,Di-Dr
35,DB00125,OMIM220120,1.0,Di,Dr,Di-Dr
36,DB00126,OMIM206200,1.0,Di,Dr,Di-Dr
37,DB00126,OMIM240400,1.0,Di,Dr,Di-Dr
38,DB00126,OMIM250790,1.0,Di,Dr,Di-Dr
39,DB00131,OMIM194200,1.0,Di,Dr,Di-Dr
40,DB00136,OMIM146255,1.0,Di,Dr,Di-Dr
41,DB00136,OMIM277440,1.0,Di,Dr,Di-Dr
42,DB00136,OMIM277460,1.0,Di,Dr,Di-Dr
43,DB00140,OMIM145590,1.0,Di,Dr,Di-Dr
44,DB00153,OMIM146255,1.0,Di,Dr,Di-Dr
45,DB00153,OMIM241519,1.0,Di,Dr,Di-Dr
46,DB00153,OMIM259660,1.0,Di,Dr,Di-Dr
47,DB00153,OMIM277440,1.0,Di,Dr,Di-Dr
48,DB00160,OMIM261515,1.0,Di,Dr,Di-Dr
49,DB00162,OMIM115300,1.0,Di,Dr,Di-Dr
50,DB00162,OMIM277350,1.0,Di,Dr,Di-Dr
51,DB00163,OMIM104300,1.0,Di,Dr,Di-Dr
52,DB00163,OMIM125320,1.0,Di,Dr,Di-Dr
53,DB00163,OMIM200170,1.0,Di,Dr,Di-Dr
54,DB00163,OMIM230450,1.0,Di,Dr,Di-Dr
55,DB00163,OMIM231900,1.0,Di,Dr,Di-Dr
56,DB00163,OMIM266120,1.0,Di,Dr,Di-Dr
57,DB00163,OMIM277460,1.0,Di,Dr,Di-Dr
58,DB00163,OMIM605055,1.0,Di,Dr,Di-Dr
59,DB00163,OMIM606703,1.0,Di,Dr,Di-Dr
60,DB00165,OMIM217200,1.0,Di,Dr,Di-Dr
61,DB00165,OMIM239350,1.0,Di,Dr,Di-Dr
62,DB00167,OMIM225740,1.0,Di,Dr,Di-Dr
63,DB00167,OMIM225755,1.0,Di,Dr,Di-Dr
64,DB00167,OMIM260970,1.0,Di,Dr,Di-Dr
65,DB00167,OMIM608033,1.0,Di,Dr,Di-Dr
66,DB00169,OMIM102500,1.0,Di,Dr,Di-Dr
67,DB00169,OMIM166710,1.0,Di,Dr,Di-Dr
68,DB00169,OMIM266600,1.0,Di,Dr,Di-Dr
69,DB00175,OMIM144010,1.0,Di,Dr,Di-Dr
70,DB00175,OMIM601367,1.0,Di,Dr,Di-Dr
71,DB00176,OMIM164230,1.0,Di,Dr,Di-Dr
72,DB00176,OMIM167870,1.0,Di,Dr,Di-Dr
73,DB00177,OMIM161900,1.0,Di,Dr,Di-Dr
74,DB00177,OMIM608622,1.0,Di,Dr,Di-Dr
75,DB00178,OMIM146255,1.0,Di,Dr,Di-Dr
76,DB00178,OMIM161900,1.0,Di,Dr,Di-Dr
77,DB00178,OMIM608622,1.0,Di,Dr,Di-Dr
78,DB00179,OMIM106400,1.0,Di,Dr,Di-Dr
79,DB00180,OMIM208550,1.0,Di,Dr,Di-Dr
80,DB00180,OMIM600807,1.0,Di,Dr,Di-Dr
81,DB00181,OMIM126200,1.0,Di,Dr,Di-Dr
82,DB00181,OMIM128101,1.0,Di,Dr,Di-Dr
83,DB00181,OMIM143100,1.0,Di,Dr,Di-Dr
84,DB00181,OMIM147530,1.0,Di,Dr,Di-Dr
85,DB00181,OMIM189600,1.0,Di,Dr,Di-Dr
86,DB00181,OMIM190400,1.0,Di,Dr,Di-Dr
87,DB00181,OMIM601042,1.0,Di,Dr,Di-Dr
88,DB00181,OMIM607225,1.0,Di,Dr,Di-Dr
89,DB00182,OMIM143465,1.0,Di,Dr,Di-Dr
90,DB00186,OMIM167870,1.0,Di,Dr,Di-Dr
91,DB00186,OMIM189600,1.0,Di,Dr,Di-Dr
92,DB00186,OMIM252320,1.0,Di,Dr,Di-Dr
93,DB00187,OMIM161900,1.0,Di,Dr,Di-Dr
94,DB00187,OMIM608622,1.0,Di,Dr,Di-Dr
95,DB00188,OMIM254500,1.0,Di,Dr,Di-Dr
96,DB00190,OMIM102300,1.0,Di,Dr,Di-Dr
97,DB00190,OMIM125320,1.0,Di,Dr,Di-Dr
98,DB00190,OMIM168100,1.0,Di,Dr,Di-Dr
99,DB00190,OMIM168600,1.0,Di,Dr,Di-Dr
100,DB00191,OMIM264120,1.0,Di,Dr,Di-Dr
101,DB00191,OMIM303110,1.0,Di,Dr,Di-Dr
102,DB00191,OMIM601665,1.0,Di,Dr,Di-Dr
103,DB00193,OMIM102300,1.0,Di,Dr,Di-Dr
104,DB00193,OMIM147530,1.0,Di,Dr,Di-Dr
105,DB00195,OMIM137750,1.0,Di,Dr,Di-Dr
106,DB00195,OMIM161900,1.0,Di,Dr,Di-Dr
107,DB00195,OMIM608622,1.0,Di,Dr,Di-Dr
108,DB00199,OMIM604416,1.0,Di,Dr,Di-Dr
109,DB00201,OMIM136200,1.0,Di,Dr,Di-Dr
110,DB00201,OMIM140600,1.0,Di,Dr,Di-Dr
111,DB00201,OMIM145590,1.0,Di,Dr,Di-Dr
112,DB00201,OMIM147530,1.0,Di,Dr,Di-Dr
113,DB00201,OMIM157300,1.0,Di,Dr,Di-Dr
114,DB00203,OMIM161900,1.0,Di,Dr,Di-Dr
115,DB00203,OMIM178600,1.0,Di,Dr,Di-Dr
116,DB00204,OMIM115000,1.0,Di,Dr,Di-Dr
117,DB00204,OMIM607554,1.0,Di,Dr,Di-Dr
118,DB00204,OMIM608583,1.0,Di,Dr,Di-Dr
119,DB00206,OMIM161900,1.0,Di,Dr,Di-Dr
120,DB00206,OMIM608622,1.0,Di,Dr,Di-Dr
121,DB00208,OMIM188050,1.0,Di,Dr,Di-Dr
122,DB00210,OMIM604416,1.0,Di,Dr,Di-Dr
123,DB00211,OMIM146500,1.0,Di,Dr,Di-Dr
124,DB00211,OMIM157700,1.0,Di,Dr,Di-Dr
125,DB00211,OMIM252320,1.0,Di,Dr,Di-Dr
126,DB00213,OMIM109350,1.0,Di,Dr,Di-Dr
127,DB00213,OMIM190310,1.0,Di,Dr,Di-Dr
128,DB00213,OMIM600263,1.0,Di,Dr,Di-Dr
129,DB00214,OMIM146255,1.0,Di,Dr,Di-Dr
130,DB00214,OMIM161900,1.0,Di,Dr,Di-Dr
131,DB00214,OMIM166300,1.0,Di,Dr,Di-Dr
132,DB00214,OMIM208300,1.0,Di,Dr,Di-Dr
133,DB00214,OMIM215140,1.0,Di,Dr,Di-Dr
134,DB00214,OMIM600351,1.0,Di,Dr,Di-Dr
135,DB00214,OMIM608622,1.0,Di,Dr,Di-Dr
136,DB00215,OMIM103780,1.0,Di,Dr,Di-Dr
137,DB00215,OMIM131300,1.0,Di,Dr,Di-Dr
138,DB00215,OMIM164230,1.0,Di,Dr,Di-Dr
139,DB00215,OMIM167870,1.0,Di,Dr,Di-Dr
140,DB00215,OMIM182830,1.0,Di,Dr,Di-Dr
141,DB00215,OMIM225740,1.0,Di,Dr,Di-Dr
142,DB00215,OMIM225755,1.0,Di,Dr,Di-Dr
143,DB00215,OMIM260970,1.0,Di,Dr,Di-Dr
144,DB00215,OMIM608033,1.0,Di,Dr,Di-Dr
145,DB00216,OMIM157300,1.0,Di,Dr,Di-Dr
146,DB00216,OMIM300125,1.0,Di,Dr,Di-Dr
147,DB00216,OMIM607498,1.0,Di,Dr,Di-Dr
148,DB00216,OMIM607501,1.0,Di,Dr,Di-Dr
149,DB00216,OMIM607508,1.0,Di,Dr,Di-Dr
150,DB00216,OMIM607516,1.0,Di,Dr,Di-Dr
151,DB00218,OMIM208550,1.0,Di,Dr,Di-Dr
152,DB00221,OMIM208550,1.0,Di,Dr,Di-Dr
153,DB00221,OMIM210050,1.0,Di,Dr,Di-Dr
154,DB00221,OMIM600807,1.0,Di,Dr,Di-Dr
155,DB00222,OMIM125850,1.0,Di,Dr,Di-Dr
156,DB00222,OMIM125851,1.0,Di,Dr,Di-Dr
157,DB00222,OMIM125853,1.0,Di,Dr,Di-Dr
158,DB00222,OMIM600496,1.0,Di,Dr,Di-Dr
159,DB00226,OMIM161900,1.0,Di,Dr,Di-Dr
160,DB00226,OMIM608622,1.0,Di,Dr,Di-Dr
161,DB00227,OMIM144010,1.0,Di,Dr,Di-Dr
162,DB00227,OMIM608320,1.0,Di,Dr,Di-Dr
163,DB00230,OMIM102300,1.0,Di,Dr,Di-Dr
164,DB00230,OMIM147530,1.0,Di,Dr,Di-Dr
165,DB00230,OMIM165199,1.0,Di,Dr,Di-Dr
166,DB00232,OMIM215140,1.0,Di,Dr,Di-Dr
167,DB00240,OMIM233810,1.0,Di,Dr,Di-Dr
168,DB00241,OMIM145590,1.0,Di,Dr,Di-Dr
169,DB00241,OMIM157300,1.0,Di,Dr,Di-Dr
170,DB00242,OMIM109543,1.0,Di,Dr,Di-Dr
171,DB00242,OMIM126200,1.0,Di,Dr,Di-Dr
172,DB00242,OMIM151400,1.0,Di,Dr,Di-Dr
173,DB00242,OMIM258360,1.0,Di,Dr,Di-Dr
174,DB00242,OMIM276300,1.0,Di,Dr,Di-Dr
175,DB00244,OMIM266600,1.0,Di,Dr,Di-Dr
176,DB00245,OMIM125320,1.0,Di,Dr,Di-Dr
177,DB00245,OMIM168100,1.0,Di,Dr,Di-Dr
178,DB00245,OMIM168600,1.0,Di,Dr,Di-Dr
179,DB00246,OMIM137580,1.0,Di,Dr,Di-Dr
180,DB00246,OMIM181500,1.0,Di,Dr,Di-Dr
181,DB00248,OMIM600634,1.0,Di,Dr,Di-Dr
182,DB00252,OMIM104130,1.0,Di,Dr,Di-Dr
183,DB00252,OMIM115000,1.0,Di,Dr,Di-Dr
184,DB00252,OMIM165199,1.0,Di,Dr,Di-Dr
185,DB00252,OMIM217200,1.0,Di,Dr,Di-Dr
186,DB00255,OMIM276300,1.0,Di,Dr,Di-Dr
187,DB00257,OMIM114580,1.0,Di,Dr,Di-Dr
188,DB00257,OMIM212050,1.0,Di,Dr,Di-Dr
189,DB00262,OMIM109543,1.0,Di,Dr,Di-Dr
190,DB00262,OMIM137800,1.0,Di,Dr,Di-Dr
191,DB00262,OMIM236000,1.0,Di,Dr,Di-Dr
192,DB00262,OMIM247640,1.0,Di,Dr,Di-Dr
193,DB00262,OMIM254500,1.0,Di,Dr,Di-Dr
194,DB00262,OMIM267730,1.0,Di,Dr,Di-Dr
195,DB00262,OMIM276300,1.0,Di,Dr,Di-Dr
196,DB00264,OMIM110100,1.0,Di,Dr,Di-Dr
197,DB00264,OMIM157700,1.0,Di,Dr,Di-Dr
198,DB00264,OMIM161900,1.0,Di,Dr,Di-Dr
199,DB00264,OMIM190300,1.0,Di,Dr,Di-Dr
200,DB00264,OMIM607554,1.0,Di,Dr,Di-Dr
201,DB00264,OMIM608583,1.0,Di,Dr,Di-Dr
202,DB00264,OMIM608622,1.0,Di,Dr,Di-Dr
203,DB00268,OMIM102300,1.0,Di,Dr,Di-Dr
204,DB00268,OMIM125320,1.0,Di,Dr,Di-Dr
205,DB00268,OMIM168100,1.0,Di,Dr,Di-Dr
206,DB00268,OMIM168600,1.0,Di,Dr,Di-Dr
207,DB00270,OMIM161900,1.0,Di,Dr,Di-Dr
208,DB00270,OMIM179600,1.0,Di,Dr,Di-Dr
209,DB00270,OMIM608622,1.0,Di,Dr,Di-Dr
210,DB00273,OMIM147530,1.0,Di,Dr,Di-Dr
211,DB00273,OMIM157300,1.0,Di,Dr,Di-Dr
212,DB00273,OMIM264120,1.0,Di,Dr,Di-Dr
213,DB00273,OMIM300125,1.0,Di,Dr,Di-Dr
214,DB00273,OMIM308350,1.0,Di,Dr,Di-Dr
215,DB00273,OMIM605021,1.0,Di,Dr,Di-Dr
216,DB00273,OMIM607499,1.0,Di,Dr,Di-Dr
217,DB00275,OMIM161900,1.0,Di,Dr,Di-Dr
218,DB00275,OMIM608622,1.0,Di,Dr,Di-Dr
219,DB00277,OMIM208550,1.0,Di,Dr,Di-Dr
220,DB00277,OMIM210050,1.0,Di,Dr,Di-Dr
221,DB00277,OMIM600807,1.0,Di,Dr,Di-Dr
222,DB00278,OMIM188050,1.0,Di,Dr,Di-Dr
223,DB00279,OMIM138800,1.0,Di,Dr,Di-Dr
224,DB00279,OMIM140300,1.0,Di,Dr,Di-Dr
225,DB00279,OMIM255900,1.0,Di,Dr,Di-Dr
226,DB00279,OMIM275000,1.0,Di,Dr,Di-Dr
227,DB00280,OMIM115000,1.0,Di,Dr,Di-Dr
228,DB00281,OMIM147530,1.0,Di,Dr,Di-Dr
229,DB00282,OMIM102400,1.0,Di,Dr,Di-Dr
230,DB00282,OMIM102500,1.0,Di,Dr,Di-Dr
231,DB00282,OMIM114480,1.0,Di,Dr,Di-Dr
232,DB00282,OMIM143880,1.0,Di,Dr,Di-Dr
233,DB00282,OMIM166300,1.0,Di,Dr,Di-Dr
234,DB00282,OMIM166710,1.0,Di,Dr,Di-Dr
235,DB00282,OMIM167320,1.0,Di,Dr,Di-Dr
236,DB00282,OMIM254500,1.0,Di,Dr,Di-Dr
237,DB00282,OMIM276300,1.0,Di,Dr,Di-Dr
238,DB00284,OMIM125850,1.0,Di,Dr,Di-Dr
239,DB00284,OMIM125851,1.0,Di,Dr,Di-Dr
240,DB00284,OMIM125853,1.0,Di,Dr,Di-Dr
241,DB00284,OMIM600496,1.0,Di,Dr,Di-Dr
242,DB00285,OMIM131300,1.0,Di,Dr,Di-Dr
243,DB00285,OMIM143465,1.0,Di,Dr,Di-Dr
244,DB00285,OMIM147530,1.0,Di,Dr,Di-Dr
245,DB00285,OMIM164230,1.0,Di,Dr,Di-Dr
246,DB00285,OMIM167870,1.0,Di,Dr,Di-Dr
247,DB00285,OMIM607499,1.0,Di,Dr,Di-Dr
248,DB00286,OMIM102500,1.0,Di,Dr,Di-Dr
249,DB00286,OMIM114480,1.0,Di,Dr,Di-Dr
250,DB00286,OMIM176807,1.0,Di,Dr,Di-Dr
251,DB00286,OMIM192000,1.0,Di,Dr,Di-Dr
252,DB00286,OMIM215470,1.0,Di,Dr,Di-Dr
253,DB00286,OMIM311360,1.0,Di,Dr,Di-Dr
254,DB00286,OMIM601518,1.0,Di,Dr,Di-Dr
255,DB00287,OMIM137750,1.0,Di,Dr,Di-Dr
256,DB00287,OMIM137760,1.0,Di,Dr,Di-Dr
257,DB00287,OMIM161900,1.0,Di,Dr,Di-Dr
258,DB00287,OMIM601682,1.0,Di,Dr,Di-Dr
259,DB00289,OMIM143465,1.0,Di,Dr,Di-Dr
260,DB00290,OMIM109543,1.0,Di,Dr,Di-Dr
261,DB00290,OMIM155600,1.0,Di,Dr,Di-Dr
262,DB00290,OMIM155601,1.0,Di,Dr,Di-Dr
263,DB00290,OMIM236000,1.0,Di,Dr,Di-Dr
264,DB00290,OMIM247640,1.0,Di,Dr,Di-Dr
265,DB00290,OMIM267730,1.0,Di,Dr,Di-Dr
266,DB00290,OMIM273300,1.0,Di,Dr,Di-Dr
267,DB00295,OMIM147530,1.0,Di,Dr,Di-Dr
268,DB00297,OMIM147530,1.0,Di,Dr,Di-Dr
269,DB00302,OMIM134430,1.0,Di,Dr,Di-Dr
270,DB00302,OMIM134500,1.0,Di,Dr,Di-Dr
271,DB00302,OMIM134510,1.0,Di,Dr,Di-Dr
272,DB00302,OMIM134520,1.0,Di,Dr,Di-Dr
273,DB00302,OMIM227300,1.0,Di,Dr,Di-Dr
274,DB00304,OMIM131200,1.0,Di,Dr,Di-Dr
275,DB00304,OMIM184700,1.0,Di,Dr,Di-Dr
276,DB00304,OMIM192000,1.0,Di,Dr,Di-Dr
277,DB00305,OMIM109800,1.0,Di,Dr,Di-Dr
278,DB00305,OMIM137215,1.0,Di,Dr,Di-Dr
279,DB00307,OMIM254400,1.0,Di,Dr,Di-Dr
280,DB00307,OMIM276300,1.0,Di,Dr,Di-Dr
281,DB00308,OMIM607554,1.0,Di,Dr,Di-Dr
282,DB00308,OMIM608583,1.0,Di,Dr,Di-Dr
283,DB00310,OMIM161900,1.0,Di,Dr,Di-Dr
284,DB00310,OMIM608622,1.0,Di,Dr,Di-Dr
285,DB00313,OMIM104130,1.0,Di,Dr,Di-Dr
286,DB00313,OMIM104300,1.0,Di,Dr,Di-Dr
287,DB00313,OMIM125320,1.0,Di,Dr,Di-Dr
288,DB00313,OMIM181500,1.0,Di,Dr,Di-Dr
289,DB00313,OMIM217200,1.0,Di,Dr,Di-Dr
290,DB00313,OMIM239350,1.0,Di,Dr,Di-Dr
291,DB00313,OMIM605055,1.0,Di,Dr,Di-Dr
292,DB00315,OMIM157300,1.0,Di,Dr,Di-Dr
293,DB00316,OMIM140600,1.0,Di,Dr,Di-Dr
294,DB00316,OMIM145590,1.0,Di,Dr,Di-Dr
295,DB00316,OMIM147530,1.0,Di,Dr,Di-Dr
296,DB00316,OMIM157300,1.0,Di,Dr,Di-Dr
297,DB00316,OMIM608088,1.0,Di,Dr,Di-Dr
298,DB00318,OMIM140600,1.0,Di,Dr,Di-Dr
299,DB00318,OMIM145590,1.0,Di,Dr,Di-Dr
300,DB00318,OMIM608088,1.0,Di,Dr,Di-Dr
301,DB00320,OMIM145590,1.0,Di,Dr,Di-Dr
302,DB00320,OMIM157300,1.0,Di,Dr,Di-Dr
303,DB00320,OMIM300125,1.0,Di,Dr,Di-Dr
304,DB00321,OMIM144110,1.0,Di,Dr,Di-Dr
305,DB00321,OMIM147530,1.0,Di,Dr,Di-Dr
306,DB00321,OMIM252320,1.0,Di,Dr,Di-Dr
307,DB00323,OMIM168100,1.0,Di,Dr,Di-Dr
308,DB00323,OMIM168600,1.0,Di,Dr,Di-Dr
309,DB00324,OMIM278200,1.0,Di,Dr,Di-Dr
310,DB00325,OMIM161900,1.0,Di,Dr,Di-Dr
311,DB00325,OMIM608622,1.0,Di,Dr,Di-Dr
312,DB00327,OMIM147530,1.0,Di,Dr,Di-Dr
313,DB00327,OMIM608088,1.0,Di,Dr,Di-Dr
314,DB00328,OMIM133600,1.0,Di,Dr,Di-Dr
315,DB00328,OMIM133690,1.0,Di,Dr,Di-Dr
316,DB00328,OMIM140600,1.0,Di,Dr,Di-Dr
317,DB00328,OMIM147530,1.0,Di,Dr,Di-Dr
318,DB00328,OMIM157300,1.0,Di,Dr,Di-Dr
319,DB00328,OMIM165720,1.0,Di,Dr,Di-Dr
320,DB00328,OMIM208230,1.0,Di,Dr,Di-Dr
321,DB00328,OMIM246400,1.0,Di,Dr,Di-Dr
322,DB00328,OMIM263800,1.0,Di,Dr,Di-Dr
323,DB00328,OMIM602522,1.0,Di,Dr,Di-Dr
324,DB00328,OMIM607459,1.0,Di,Dr,Di-Dr
325,DB00328,OMIM607850,1.0,Di,Dr,Di-Dr
326,DB00331,OMIM125850,1.0,Di,Dr,Di-Dr
327,DB00331,OMIM125851,1.0,Di,Dr,Di-Dr
328,DB00331,OMIM125853,1.0,Di,Dr,Di-Dr
329,DB00331,OMIM176800,1.0,Di,Dr,Di-Dr
330,DB00331,OMIM184700,1.0,Di,Dr,Di-Dr
331,DB00331,OMIM600496,1.0,Di,Dr,Di-Dr
332,DB00332,OMIM208550,1.0,Di,Dr,Di-Dr
333,DB00332,OMIM210050,1.0,Di,Dr,Di-Dr
334,DB00332,OMIM600807,1.0,Di,Dr,Di-Dr
335,DB00333,OMIM147530,1.0,Di,Dr,Di-Dr
336,DB00334,OMIM164230,1.0,Di,Dr,Di-Dr
337,DB00334,OMIM181500,1.0,Di,Dr,Di-Dr
338,DB00334,OMIM300494,1.0,Di,Dr,Di-Dr
339,DB00335,OMIM110100,1.0,Di,Dr,Di-Dr
340,DB00335,OMIM157700,1.0,Di,Dr,Di-Dr
341,DB00337,OMIM233810,1.0,Di,Dr,Di-Dr
342,DB00337,OMIM603165,1.0,Di,Dr,Di-Dr
343,DB00338,OMIM109350,1.0,Di,Dr,Di-Dr
344,DB00338,OMIM190310,1.0,Di,Dr,Di-Dr
345,DB00338,OMIM304790,1.0,Di,Dr,Di-Dr
346,DB00338,OMIM600263,1.0,Di,Dr,Di-Dr
347,DB00342,OMIM147540,1.0,Di,Dr,Di-Dr
348,DB00343,OMIM161900,1.0,Di,Dr,Di-Dr
349,DB00343,OMIM179600,1.0,Di,Dr,Di-Dr
350,DB00343,OMIM607554,1.0,Di,Dr,Di-Dr
351,DB00343,OMIM608583,1.0,Di,Dr,Di-Dr
352,DB00343,OMIM608622,1.0,Di,Dr,Di-Dr
353,DB00346,OMIM147530,1.0,Di,Dr,Di-Dr
354,DB00346,OMIM200170,1.0,Di,Dr,Di-Dr
355,DB00346,OMIM600082,1.0,Di,Dr,Di-Dr
356,DB00350,OMIM104130,1.0,Di,Dr,Di-Dr
357,DB00350,OMIM161900,1.0,Di,Dr,Di-Dr
358,DB00350,OMIM608622,1.0,Di,Dr,Di-Dr
359,DB00351,OMIM109100,1.0,Di,Dr,Di-Dr
360,DB00351,OMIM114480,1.0,Di,Dr,Di-Dr
361,DB00351,OMIM192000,1.0,Di,Dr,Di-Dr
362,DB00352,OMIM601626,1.0,Di,Dr,Di-Dr
363,DB00353,OMIM157300,1.0,Di,Dr,Di-Dr
364,DB00354,OMIM145590,1.0,Di,Dr,Di-Dr
365,DB00356,OMIM147530,1.0,Di,Dr,Di-Dr
366,DB00357,OMIM268320,1.0,Di,Dr,Di-Dr
367,DB00361,OMIM236000,1.0,Di,Dr,Di-Dr
368,DB00363,OMIM181500,1.0,Di,Dr,Di-Dr
369,DB00364,OMIM109350,1.0,Di,Dr,Di-Dr
370,DB00364,OMIM161900,1.0,Di,Dr,Di-Dr
371,DB00364,OMIM190310,1.0,Di,Dr,Di-Dr
372,DB00366,OMIM145590,1.0,Di,Dr,Di-Dr
373,DB00366,OMIM147540,1.0,Di,Dr,Di-Dr
374,DB00367,OMIM131200,1.0,Di,Dr,Di-Dr
375,DB00367,OMIM184700,1.0,Di,Dr,Di-Dr
376,DB00367,OMIM192000,1.0,Di,Dr,Di-Dr
377,DB00368,OMIM146500,1.0,Di,Dr,Di-Dr
378,DB00371,OMIM145590,1.0,Di,Dr,Di-Dr
379,DB00371,OMIM200170,1.0,Di,Dr,Di-Dr
380,DB00371,OMIM601042,1.0,Di,Dr,Di-Dr
381,DB00373,OMIM137750,1.0,Di,Dr,Di-Dr
382,DB00373,OMIM137760,1.0,Di,Dr,Di-Dr
383,DB00373,OMIM157300,1.0,Di,Dr,Di-Dr
384,DB00373,OMIM161900,1.0,Di,Dr,Di-Dr
385,DB00373,OMIM300125,1.0,Di,Dr,Di-Dr
386,DB00373,OMIM601682,1.0,Di,Dr,Di-Dr
387,DB00373,OMIM608622,1.0,Di,Dr,Di-Dr
388,DB00374,OMIM161900,1.0,Di,Dr,Di-Dr
389,DB00374,OMIM178600,1.0,Di,Dr,Di-Dr
390,DB00376,OMIM168100,1.0,Di,Dr,Di-Dr
391,DB00379,OMIM115000,1.0,Di,Dr,Di-Dr
392,DB00380,OMIM208750,1.0,Di,Dr,Di-Dr
393,DB00380,OMIM212112,1.0,Di,Dr,Di-Dr
394,DB00380,OMIM212130,1.0,Di,Dr,Di-Dr
395,DB00380,OMIM212350,1.0,Di,Dr,Di-Dr
396,DB00380,OMIM225740,1.0,Di,Dr,Di-Dr
397,DB00380,OMIM226000,1.0,Di,Dr,Di-Dr
398,DB00380,OMIM305300,1.0,Di,Dr,Di-Dr
399,DB00381,OMIM125310,1.0,Di,Dr,Di-Dr
400,DB00381,OMIM145500,1.0,Di,Dr,Di-Dr
401,DB00381,OMIM161900,1.0,Di,Dr,Di-Dr
402,DB00381,OMIM179600,1.0,Di,Dr,Di-Dr
403,DB00381,OMIM608320,1.0,Di,Dr,Di-Dr
404,DB00381,OMIM608622,1.0,Di,Dr,Di-Dr
405,DB00382,OMIM104300,1.0,Di,Dr,Di-Dr
406,DB00382,OMIM125320,1.0,Di,Dr,Di-Dr
407,DB00382,OMIM605055,1.0,Di,Dr,Di-Dr
408,DB00384,OMIM203700,1.0,Di,Dr,Di-Dr
409,DB00384,OMIM208300,1.0,Di,Dr,Di-Dr
410,DB00384,OMIM210050,1.0,Di,Dr,Di-Dr
411,DB00384,OMIM215140,1.0,Di,Dr,Di-Dr
412,DB00384,OMIM600351,1.0,Di,Dr,Di-Dr
413,DB00385,OMIM109800,1.0,Di,Dr,Di-Dr
414,DB00387,OMIM125320,1.0,Di,Dr,Di-Dr
415,DB00387,OMIM168100,1.0,Di,Dr,Di-Dr
416,DB00387,OMIM168600,1.0,Di,Dr,Di-Dr
417,DB00388,OMIM137750,1.0,Di,Dr,Di-Dr
418,DB00388,OMIM137760,1.0,Di,Dr,Di-Dr
419,DB00388,OMIM145590,1.0,Di,Dr,Di-Dr
420,DB00388,OMIM146500,1.0,Di,Dr,Di-Dr
421,DB00388,OMIM147540,1.0,Di,Dr,Di-Dr
422,DB00388,OMIM601682,1.0,Di,Dr,Di-Dr
423,DB00388,OMIM608088,1.0,Di,Dr,Di-Dr
424,DB00390,OMIM607554,1.0,Di,Dr,Di-Dr
425,DB00390,OMIM608583,1.0,Di,Dr,Di-Dr
426,DB00393,OMIM125310,1.0,Di,Dr,Di-Dr
427,DB00393,OMIM601367,1.0,Di,Dr,Di-Dr
428,DB00394,OMIM208550,1.0,Di,Dr,Di-Dr
429,DB00394,OMIM600807,1.0,Di,Dr,Di-Dr
430,DB00396,OMIM217200,1.0,Di,Dr,Di-Dr
431,DB00397,OMIM147540,1.0,Di,Dr,Di-Dr
432,DB00397,OMIM264120,1.0,Di,Dr,Di-Dr
433,DB00397,OMIM303110,1.0,Di,Dr,Di-Dr
434,DB00397,OMIM601665,1.0,Di,Dr,Di-Dr
435,DB00397,OMIM608088,1.0,Di,Dr,Di-Dr
436,DB00398,OMIM114550,1.0,Di,Dr,Di-Dr
437,DB00398,OMIM144700,1.0,Di,Dr,Di-Dr
438,DB00398,OMIM188470,1.0,Di,Dr,Di-Dr
439,DB00398,OMIM605839,1.0,Di,Dr,Di-Dr
440,DB00399,OMIM102500,1.0,Di,Dr,Di-Dr
441,DB00399,OMIM143880,1.0,Di,Dr,Di-Dr
442,DB00399,OMIM167320,1.0,Di,Dr,Di-Dr
443,DB00399,OMIM254500,1.0,Di,Dr,Di-Dr
444,DB00399,OMIM276300,1.0,Di,Dr,Di-Dr
445,DB00399,OMIM602080,1.0,Di,Dr,Di-Dr
446,DB00399,OMIM605839,1.0,Di,Dr,Di-Dr
447,DB00401,OMIM161900,1.0,Di,Dr,Di-Dr
448,DB00401,OMIM179600,1.0,Di,Dr,Di-Dr
449,DB00401,OMIM608622,1.0,Di,Dr,Di-Dr
450,DB00404,OMIM167870,1.0,Di,Dr,Di-Dr
451,DB00404,OMIM252320,1.0,Di,Dr,Di-Dr
452,DB00407,OMIM188050,1.0,Di,Dr,Di-Dr
453,DB00408,OMIM181500,1.0,Di,Dr,Di-Dr
454,DB00412,OMIM125850,1.0,Di,Dr,Di-Dr
455,DB00412,OMIM125851,1.0,Di,Dr,Di-Dr
456,DB00412,OMIM125853,1.0,Di,Dr,Di-Dr
457,DB00412,OMIM600496,1.0,Di,Dr,Di-Dr
458,DB00413,OMIM102300,1.0,Di,Dr,Di-Dr
459,DB00413,OMIM125320,1.0,Di,Dr,Di-Dr
460,DB00413,OMIM168100,1.0,Di,Dr,Di-Dr
461,DB00413,OMIM168600,1.0,Di,Dr,Di-Dr
462,DB00414,OMIM125850,1.0,Di,Dr,Di-Dr
463,DB00414,OMIM125851,1.0,Di,Dr,Di-Dr
464,DB00414,OMIM125853,1.0,Di,Dr,Di-Dr
465,DB00414,OMIM600496,1.0,Di,Dr,Di-Dr
466,DB00419,OMIM230800,1.0,Di,Dr,Di-Dr
467,DB00421,OMIM104130,1.0,Di,Dr,Di-Dr
468,DB00421,OMIM161900,1.0,Di,Dr,Di-Dr
469,DB00421,OMIM208300,1.0,Di,Dr,Di-Dr
470,DB00421,OMIM215140,1.0,Di,Dr,Di-Dr
471,DB00421,OMIM600351,1.0,Di,Dr,Di-Dr
472,DB00421,OMIM604416,1.0,Di,Dr,Di-Dr
473,DB00421,OMIM608622,1.0,Di,Dr,Di-Dr
474,DB00422,OMIM143465,1.0,Di,Dr,Di-Dr
475,DB00424,OMIM144110,1.0,Di,Dr,Di-Dr
476,DB00424,OMIM190310,1.0,Di,Dr,Di-Dr
477,DB00424,OMIM200170,1.0,Di,Dr,Di-Dr
478,DB00424,OMIM226150,1.0,Di,Dr,Di-Dr
479,DB00424,OMIM260570,1.0,Di,Dr,Di-Dr
480,DB00428,OMIM236000,1.0,Di,Dr,Di-Dr
481,DB00433,OMIM145590,1.0,Di,Dr,Di-Dr
482,DB00433,OMIM182830,1.0,Di,Dr,Di-Dr
483,DB00433,OMIM225740,1.0,Di,Dr,Di-Dr
484,DB00433,OMIM225755,1.0,Di,Dr,Di-Dr
485,DB00433,OMIM260970,1.0,Di,Dr,Di-Dr
486,DB00433,OMIM608033,1.0,Di,Dr,Di-Dr
487,DB00434,OMIM113610,1.0,Di,Dr,Di-Dr
488,DB00434,OMIM147540,1.0,Di,Dr,Di-Dr
489,DB00434,OMIM157300,1.0,Di,Dr,Di-Dr
490,DB00434,OMIM181500,1.0,Di,Dr,Di-Dr
491,DB00434,OMIM218200,1.0,Di,Dr,Di-Dr
492,DB00434,OMIM300125,1.0,Di,Dr,Di-Dr
493,DB00434,OMIM312910,1.0,Di,Dr,Di-Dr
494,DB00434,OMIM606703,1.0,Di,Dr,Di-Dr
495,DB00434,OMIM606798,1.0,Di,Dr,Di-Dr
496,DB00436,OMIM161900,1.0,Di,Dr,Di-Dr
497,DB00436,OMIM215140,1.0,Di,Dr,Di-Dr
498,DB00436,OMIM256370,1.0,Di,Dr,Di-Dr
499,DB00436,OMIM600351,1.0,Di,Dr,Di-Dr
500,DB00436,OMIM608622,1.0,Di,Dr,Di-Dr
501,DB00437,OMIM310468,1.0,Di,Dr,Di-Dr
502,DB00437,OMIM602068,1.0,Di,Dr,Di-Dr
503,DB00440,OMIM166760,1.0,Di,Dr,Di-Dr
504,DB00440,OMIM208550,1.0,Di,Dr,Di-Dr
505,DB00440,OMIM604416,1.0,Di,Dr,Di-Dr
506,DB00441,OMIM114480,1.0,Di,Dr,Di-Dr
507,DB00441,OMIM144700,1.0,Di,Dr,Di-Dr
508,DB00441,OMIM605839,1.0,Di,Dr,Di-Dr
509,DB00443,OMIM125600,1.0,Di,Dr,Di-Dr
510,DB00443,OMIM133600,1.0,Di,Dr,Di-Dr
511,DB00443,OMIM151590,1.0,Di,Dr,Di-Dr
512,DB00443,OMIM603165,1.0,Di,Dr,Di-Dr
513,DB00444,OMIM109543,1.0,Di,Dr,Di-Dr
514,DB00444,OMIM182280,1.0,Di,Dr,Di-Dr
515,DB00444,OMIM223350,1.0,Di,Dr,Di-Dr
516,DB00444,OMIM236000,1.0,Di,Dr,Di-Dr
517,DB00444,OMIM247640,1.0,Di,Dr,Di-Dr
518,DB00444,OMIM267730,1.0,Di,Dr,Di-Dr
519,DB00445,OMIM114480,1.0,Di,Dr,Di-Dr
520,DB00445,OMIM276300,1.0,Di,Dr,Di-Dr
521,DB00448,OMIM109350,1.0,Di,Dr,Di-Dr
522,DB00448,OMIM190310,1.0,Di,Dr,Di-Dr
523,DB00448,OMIM600263,1.0,Di,Dr,Di-Dr
524,DB00449,OMIM137750,1.0,Di,Dr,Di-Dr
525,DB00449,OMIM137760,1.0,Di,Dr,Di-Dr
526,DB00449,OMIM161900,1.0,Di,Dr,Di-Dr
527,DB00449,OMIM601682,1.0,Di,Dr,Di-Dr
528,DB00451,OMIM138800,1.0,Di,Dr,Di-Dr
529,DB00451,OMIM140300,1.0,Di,Dr,Di-Dr
530,DB00451,OMIM255900,1.0,Di,Dr,Di-Dr
531,DB00451,OMIM275000,1.0,Di,Dr,Di-Dr
532,DB00454,OMIM147530,1.0,Di,Dr,Di-Dr
533,DB00457,OMIM147530,1.0,Di,Dr,Di-Dr
534,DB00457,OMIM157950,1.0,Di,Dr,Di-Dr
535,DB00457,OMIM161900,1.0,Di,Dr,Di-Dr
536,DB00457,OMIM179600,1.0,Di,Dr,Di-Dr
537,DB00457,OMIM200170,1.0,Di,Dr,Di-Dr
538,DB00457,OMIM600082,1.0,Di,Dr,Di-Dr
539,DB00457,OMIM608622,1.0,Di,Dr,Di-Dr
540,DB00458,OMIM143465,1.0,Di,Dr,Di-Dr
541,DB00458,OMIM147530,1.0,Di,Dr,Di-Dr
542,DB00458,OMIM167870,1.0,Di,Dr,Di-Dr
543,DB00458,OMIM600631,1.0,Di,Dr,Di-Dr
544,DB00458,OMIM600808,1.0,Di,Dr,Di-Dr
545,DB00461,OMIM140600,1.0,Di,Dr,Di-Dr
546,DB00461,OMIM147530,1.0,Di,Dr,Di-Dr
547,DB00464,OMIM192200,1.0,Di,Dr,Di-Dr
548,DB00465,OMIM147530,1.0,Di,Dr,Di-Dr
549,DB00465,OMIM308205,1.0,Di,Dr,Di-Dr
550,DB00468,OMIM200170,1.0,Di,Dr,Di-Dr
551,DB00470,OMIM109100,1.0,Di,Dr,Di-Dr
552,DB00471,OMIM208550,1.0,Di,Dr,Di-Dr
553,DB00471,OMIM210050,1.0,Di,Dr,Di-Dr
554,DB00471,OMIM600807,1.0,Di,Dr,Di-Dr
555,DB00472,OMIM131300,1.0,Di,Dr,Di-Dr
556,DB00472,OMIM164230,1.0,Di,Dr,Di-Dr
557,DB00472,OMIM167870,1.0,Di,Dr,Di-Dr
558,DB00472,OMIM181500,1.0,Di,Dr,Di-Dr
559,DB00472,OMIM252320,1.0,Di,Dr,Di-Dr
560,DB00472,OMIM607499,1.0,Di,Dr,Di-Dr
561,DB00475,OMIM103780,1.0,Di,Dr,Di-Dr
562,DB00475,OMIM226150,1.0,Di,Dr,Di-Dr
563,DB00476,OMIM147530,1.0,Di,Dr,Di-Dr
564,DB00476,OMIM165199,1.0,Di,Dr,Di-Dr
565,DB00477,OMIM145590,1.0,Di,Dr,Di-Dr
566,DB00477,OMIM181500,1.0,Di,Dr,Di-Dr
567,DB00480,OMIM254500,1.0,Di,Dr,Di-Dr
568,DB00481,OMIM102500,1.0,Di,Dr,Di-Dr
569,DB00481,OMIM114480,1.0,Di,Dr,Di-Dr
570,DB00481,OMIM166710,1.0,Di,Dr,Di-Dr
571,DB00482,OMIM135550,1.0,Di,Dr,Di-Dr
572,DB00482,OMIM140600,1.0,Di,Dr,Di-Dr
573,DB00482,OMIM147530,1.0,Di,Dr,Di-Dr
574,DB00482,OMIM165720,1.0,Di,Dr,Di-Dr
575,DB00482,OMIM175100,1.0,Di,Dr,Di-Dr
576,DB00482,OMIM175505,1.0,Di,Dr,Di-Dr
577,DB00482,OMIM208230,1.0,Di,Dr,Di-Dr
578,DB00482,OMIM246470,1.0,Di,Dr,Di-Dr
579,DB00482,OMIM607459,1.0,Di,Dr,Di-Dr
580,DB00482,OMIM607850,1.0,Di,Dr,Di-Dr
581,DB00484,OMIM137750,1.0,Di,Dr,Di-Dr
582,DB00484,OMIM137760,1.0,Di,Dr,Di-Dr
583,DB00484,OMIM161900,1.0,Di,Dr,Di-Dr
584,DB00484,OMIM601682,1.0,Di,Dr,Di-Dr
585,DB00489,OMIM607554,1.0,Di,Dr,Di-Dr
586,DB00489,OMIM608583,1.0,Di,Dr,Di-Dr
587,DB00490,OMIM104130,1.0,Di,Dr,Di-Dr
588,DB00490,OMIM156190,1.0,Di,Dr,Di-Dr
589,DB00490,OMIM165150,1.0,Di,Dr,Di-Dr
590,DB00490,OMIM167870,1.0,Di,Dr,Di-Dr
591,DB00490,OMIM259050,1.0,Di,Dr,Di-Dr
592,DB00490,OMIM300232,1.0,Di,Dr,Di-Dr
593,DB00491,OMIM125850,1.0,Di,Dr,Di-Dr
594,DB00491,OMIM125851,1.0,Di,Dr,Di-Dr
595,DB00491,OMIM125853,1.0,Di,Dr,Di-Dr
596,DB00491,OMIM600496,1.0,Di,Dr,Di-Dr
597,DB00492,OMIM146255,1.0,Di,Dr,Di-Dr
598,DB00492,OMIM161900,1.0,Di,Dr,Di-Dr
599,DB00492,OMIM608622,1.0,Di,Dr,Di-Dr
600,DB00494,OMIM168100,1.0,Di,Dr,Di-Dr
601,DB00494,OMIM168600,1.0,Di,Dr,Di-Dr
602,DB00497,OMIM147530,1.0,Di,Dr,Di-Dr
603,DB00499,OMIM176807,1.0,Di,Dr,Di-Dr
604,DB00500,OMIM140600,1.0,Di,Dr,Di-Dr
605,DB00500,OMIM165720,1.0,Di,Dr,Di-Dr
606,DB00500,OMIM208230,1.0,Di,Dr,Di-Dr
607,DB00500,OMIM607459,1.0,Di,Dr,Di-Dr
608,DB00500,OMIM607850,1.0,Di,Dr,Di-Dr
609,DB00501,OMIM109350,1.0,Di,Dr,Di-Dr
610,DB00501,OMIM190310,1.0,Di,Dr,Di-Dr
611,DB00501,OMIM264120,1.0,Di,Dr,Di-Dr
612,DB00501,OMIM304790,1.0,Di,Dr,Di-Dr
613,DB00502,OMIM127750,1.0,Di,Dr,Di-Dr
614,DB00502,OMIM137580,1.0,Di,Dr,Di-Dr
615,DB00502,OMIM181500,1.0,Di,Dr,Di-Dr
616,DB00502,OMIM182830,1.0,Di,Dr,Di-Dr
617,DB00508,OMIM145590,1.0,Di,Dr,Di-Dr
618,DB00508,OMIM147530,1.0,Di,Dr,Di-Dr
619,DB00510,OMIM157300,1.0,Di,Dr,Di-Dr
620,DB00510,OMIM300125,1.0,Di,Dr,Di-Dr
621,DB00514,OMIM145590,1.0,Di,Dr,Di-Dr
622,DB00514,OMIM608088,1.0,Di,Dr,Di-Dr
623,DB00515,OMIM109800,1.0,Di,Dr,Di-Dr
624,DB00515,OMIM133239,1.0,Di,Dr,Di-Dr
625,DB00515,OMIM182280,1.0,Di,Dr,Di-Dr
626,DB00515,OMIM236000,1.0,Di,Dr,Di-Dr
627,DB00515,OMIM254500,1.0,Di,Dr,Di-Dr
628,DB00515,OMIM256700,1.0,Di,Dr,Di-Dr
629,DB00515,OMIM259500,1.0,Di,Dr,Di-Dr
630,DB00515,OMIM273300,1.0,Di,Dr,Di-Dr
631,DB00515,OMIM276300,1.0,Di,Dr,Di-Dr
632,DB00519,OMIM146255,1.0,Di,Dr,Di-Dr
633,DB00519,OMIM161900,1.0,Di,Dr,Di-Dr
634,DB00519,OMIM608622,1.0,Di,Dr,Di-Dr
635,DB00521,OMIM137750,1.0,Di,Dr,Di-Dr
636,DB00521,OMIM161900,1.0,Di,Dr,Di-Dr
637,DB00521,OMIM608622,1.0,Di,Dr,Di-Dr
638,DB00523,OMIM148000,1.0,Di,Dr,Di-Dr
639,DB00524,OMIM161900,1.0,Di,Dr,Di-Dr
640,DB00524,OMIM215140,1.0,Di,Dr,Di-Dr
641,DB00524,OMIM608622,1.0,Di,Dr,Di-Dr
642,DB00527,OMIM147530,1.0,Di,Dr,Di-Dr
643,DB00530,OMIM144700,1.0,Di,Dr,Di-Dr
644,DB00532,OMIM104130,1.0,Di,Dr,Di-Dr
645,DB00533,OMIM157300,1.0,Di,Dr,Di-Dr
646,DB00535,OMIM166760,1.0,Di,Dr,Di-Dr
647,DB00535,OMIM208550,1.0,Di,Dr,Di-Dr
648,DB00536,OMIM113610,1.0,Di,Dr,Di-Dr
649,DB00536,OMIM218200,1.0,Di,Dr,Di-Dr
650,DB00536,OMIM312910,1.0,Di,Dr,Di-Dr
651,DB00537,OMIM145590,1.0,Di,Dr,Di-Dr
652,DB00537,OMIM166760,1.0,Di,Dr,Di-Dr
653,DB00537,OMIM208550,1.0,Di,Dr,Di-Dr
654,DB00537,OMIM258360,1.0,Di,Dr,Di-Dr
655,DB00537,OMIM266600,1.0,Di,Dr,Di-Dr
656,DB00540,OMIM143465,1.0,Di,Dr,Di-Dr
657,DB00540,OMIM147530,1.0,Di,Dr,Di-Dr
658,DB00540,OMIM167870,1.0,Di,Dr,Di-Dr
659,DB00540,OMIM252320,1.0,Di,Dr,Di-Dr
660,DB00540,OMIM600631,1.0,Di,Dr,Di-Dr
661,DB00540,OMIM600808,1.0,Di,Dr,Di-Dr
662,DB00541,OMIM109543,1.0,Di,Dr,Di-Dr
663,DB00541,OMIM194070,1.0,Di,Dr,Di-Dr
664,DB00541,OMIM223350,1.0,Di,Dr,Di-Dr
665,DB00541,OMIM236000,1.0,Di,Dr,Di-Dr
666,DB00541,OMIM246470,1.0,Di,Dr,Di-Dr
667,DB00541,OMIM247640,1.0,Di,Dr,Di-Dr
668,DB00541,OMIM254500,1.0,Di,Dr,Di-Dr
669,DB00541,OMIM256700,1.0,Di,Dr,Di-Dr
670,DB00541,OMIM267730,1.0,Di,Dr,Di-Dr
671,DB00541,OMIM268220,1.0,Di,Dr,Di-Dr
672,DB00541,OMIM276300,1.0,Di,Dr,Di-Dr
673,DB00541,OMIM601608,1.0,Di,Dr,Di-Dr
674,DB00541,OMIM601626,1.0,Di,Dr,Di-Dr
675,DB00542,OMIM146255,1.0,Di,Dr,Di-Dr
676,DB00542,OMIM161900,1.0,Di,Dr,Di-Dr
677,DB00542,OMIM608622,1.0,Di,Dr,Di-Dr
678,DB00544,OMIM106400,1.0,Di,Dr,Di-Dr
679,DB00544,OMIM114480,1.0,Di,Dr,Di-Dr
680,DB00544,OMIM114500,1.0,Di,Dr,Di-Dr
681,DB00544,OMIM137215,1.0,Di,Dr,Di-Dr
682,DB00544,OMIM276300,1.0,Di,Dr,Di-Dr
683,DB00545,OMIM252320,1.0,Di,Dr,Di-Dr
684,DB00545,OMIM254200,1.0,Di,Dr,Di-Dr
685,DB00547,OMIM233810,1.0,Di,Dr,Di-Dr
686,DB00548,OMIM604416,1.0,Di,Dr,Di-Dr
687,DB00549,OMIM208550,1.0,Di,Dr,Di-Dr
688,DB00550,OMIM275000,1.0,Di,Dr,Di-Dr
689,DB00552,OMIM276300,1.0,Di,Dr,Di-Dr
690,DB00554,OMIM140600,1.0,Di,Dr,Di-Dr
691,DB00554,OMIM165720,1.0,Di,Dr,Di-Dr
692,DB00554,OMIM208230,1.0,Di,Dr,Di-Dr
693,DB00554,OMIM607459,1.0,Di,Dr,Di-Dr
694,DB00554,OMIM607850,1.0,Di,Dr,Di-Dr
695,DB00555,OMIM102100,1.0,Di,Dr,Di-Dr
696,DB00555,OMIM181500,1.0,Di,Dr,Di-Dr
697,DB00555,OMIM217200,1.0,Di,Dr,Di-Dr
698,DB00555,OMIM239350,1.0,Di,Dr,Di-Dr
699,DB00557,OMIM145590,1.0,Di,Dr,Di-Dr
700,DB00557,OMIM147530,1.0,Di,Dr,Di-Dr
701,DB00559,OMIM161900,1.0,Di,Dr,Di-Dr
702,DB00559,OMIM178600,1.0,Di,Dr,Di-Dr
703,DB00563,OMIM109543,1.0,Di,Dr,Di-Dr
704,DB00563,OMIM109800,1.0,Di,Dr,Di-Dr
705,DB00563,OMIM114480,1.0,Di,Dr,Di-Dr
706,DB00563,OMIM114500,1.0,Di,Dr,Di-Dr
707,DB00563,OMIM133239,1.0,Di,Dr,Di-Dr
708,DB00563,OMIM137215,1.0,Di,Dr,Di-Dr
709,DB00563,OMIM151590,1.0,Di,Dr,Di-Dr
710,DB00563,OMIM182280,1.0,Di,Dr,Di-Dr
711,DB00563,OMIM208920,1.0,Di,Dr,Di-Dr
712,DB00563,OMIM223350,1.0,Di,Dr,Di-Dr
713,DB00563,OMIM231090,1.0,Di,Dr,Di-Dr
714,DB00563,OMIM233810,1.0,Di,Dr,Di-Dr
715,DB00563,OMIM236000,1.0,Di,Dr,Di-Dr
716,DB00563,OMIM246470,1.0,Di,Dr,Di-Dr
717,DB00563,OMIM247640,1.0,Di,Dr,Di-Dr
718,DB00563,OMIM254400,1.0,Di,Dr,Di-Dr
719,DB00563,OMIM259500,1.0,Di,Dr,Di-Dr
720,DB00563,OMIM267730,1.0,Di,Dr,Di-Dr
721,DB00563,OMIM268220,1.0,Di,Dr,Di-Dr
722,DB00563,OMIM273300,1.0,Di,Dr,Di-Dr
723,DB00563,OMIM276300,1.0,Di,Dr,Di-Dr
724,DB00563,OMIM601626,1.0,Di,Dr,Di-Dr
725,DB00564,OMIM102300,1.0,Di,Dr,Di-Dr
726,DB00564,OMIM104130,1.0,Di,Dr,Di-Dr
727,DB00564,OMIM128101,1.0,Di,Dr,Di-Dr
728,DB00564,OMIM165199,1.0,Di,Dr,Di-Dr
729,DB00564,OMIM181500,1.0,Di,Dr,Di-Dr
730,DB00564,OMIM190400,1.0,Di,Dr,Di-Dr
731,DB00569,OMIM188050,1.0,Di,Dr,Di-Dr
732,DB00570,OMIM114480,1.0,Di,Dr,Di-Dr
733,DB00570,OMIM148000,1.0,Di,Dr,Di-Dr
734,DB00570,OMIM188030,1.0,Di,Dr,Di-Dr
735,DB00570,OMIM236000,1.0,Di,Dr,Di-Dr
736,DB00570,OMIM254400,1.0,Di,Dr,Di-Dr
737,DB00570,OMIM273300,1.0,Di,Dr,Di-Dr
738,DB00570,OMIM276300,1.0,Di,Dr,Di-Dr
739,DB00571,OMIM110100,1.0,Di,Dr,Di-Dr
740,DB00571,OMIM115000,1.0,Di,Dr,Di-Dr
741,DB00571,OMIM140850,1.0,Di,Dr,Di-Dr
742,DB00571,OMIM157300,1.0,Di,Dr,Di-Dr
743,DB00571,OMIM157700,1.0,Di,Dr,Di-Dr
744,DB00571,OMIM161900,1.0,Di,Dr,Di-Dr
745,DB00571,OMIM171300,1.0,Di,Dr,Di-Dr
746,DB00571,OMIM190300,1.0,Di,Dr,Di-Dr
747,DB00571,OMIM300125,1.0,Di,Dr,Di-Dr
748,DB00571,OMIM608622,1.0,Di,Dr,Di-Dr
749,DB00572,OMIM190310,1.0,Di,Dr,Di-Dr
750,DB00572,OMIM226150,1.0,Di,Dr,Di-Dr
751,DB00573,OMIM140600,1.0,Di,Dr,Di-Dr
752,DB00573,OMIM147530,1.0,Di,Dr,Di-Dr
753,DB00573,OMIM165720,1.0,Di,Dr,Di-Dr
754,DB00573,OMIM208230,1.0,Di,Dr,Di-Dr
755,DB00573,OMIM607459,1.0,Di,Dr,Di-Dr
756,DB00573,OMIM607850,1.0,Di,Dr,Di-Dr
757,DB00575,OMIM102300,1.0,Di,Dr,Di-Dr
758,DB00575,OMIM137580,1.0,Di,Dr,Di-Dr
759,DB00575,OMIM143465,1.0,Di,Dr,Di-Dr
760,DB00575,OMIM144110,1.0,Di,Dr,Di-Dr
761,DB00575,OMIM147530,1.0,Di,Dr,Di-Dr
762,DB00575,OMIM161900,1.0,Di,Dr,Di-Dr
763,DB00575,OMIM171300,1.0,Di,Dr,Di-Dr
764,DB00575,OMIM601042,1.0,Di,Dr,Di-Dr
765,DB00575,OMIM607554,1.0,Di,Dr,Di-Dr
766,DB00575,OMIM608622,1.0,Di,Dr,Di-Dr
767,DB00580,OMIM140600,1.0,Di,Dr,Di-Dr
768,DB00580,OMIM165720,1.0,Di,Dr,Di-Dr
769,DB00580,OMIM208230,1.0,Di,Dr,Di-Dr
770,DB00580,OMIM607459,1.0,Di,Dr,Di-Dr
771,DB00580,OMIM607850,1.0,Di,Dr,Di-Dr
772,DB00583,OMIM212140,1.0,Di,Dr,Di-Dr
773,DB00584,OMIM146255,1.0,Di,Dr,Di-Dr
774,DB00584,OMIM608622,1.0,Di,Dr,Di-Dr
775,DB00585,OMIM109350,1.0,Di,Dr,Di-Dr
776,DB00585,OMIM190310,1.0,Di,Dr,Di-Dr
777,DB00585,OMIM304790,1.0,Di,Dr,Di-Dr
778,DB00585,OMIM600263,1.0,Di,Dr,Di-Dr
779,DB00586,OMIM106400,1.0,Di,Dr,Di-Dr
780,DB00586,OMIM140600,1.0,Di,Dr,Di-Dr
781,DB00586,OMIM147530,1.0,Di,Dr,Di-Dr
782,DB00586,OMIM150600,1.0,Di,Dr,Di-Dr
783,DB00586,OMIM165720,1.0,Di,Dr,Di-Dr
784,DB00586,OMIM208230,1.0,Di,Dr,Di-Dr
785,DB00586,OMIM308205,1.0,Di,Dr,Di-Dr
786,DB00586,OMIM607459,1.0,Di,Dr,Di-Dr
787,DB00586,OMIM607850,1.0,Di,Dr,Di-Dr
788,DB00588,OMIM208550,1.0,Di,Dr,Di-Dr
789,DB00588,OMIM600807,1.0,Di,Dr,Di-Dr
790,DB00590,OMIM147530,1.0,Di,Dr,Di-Dr
791,DB00590,OMIM161900,1.0,Di,Dr,Di-Dr
792,DB00590,OMIM179600,1.0,Di,Dr,Di-Dr
793,DB00590,OMIM200170,1.0,Di,Dr,Di-Dr
794,DB00590,OMIM600082,1.0,Di,Dr,Di-Dr
795,DB00590,OMIM608622,1.0,Di,Dr,Di-Dr
796,DB00591,OMIM603165,1.0,Di,Dr,Di-Dr
797,DB00593,OMIM217200,1.0,Di,Dr,Di-Dr
798,DB00594,OMIM161900,1.0,Di,Dr,Di-Dr
799,DB00594,OMIM208300,1.0,Di,Dr,Di-Dr
800,DB00594,OMIM215140,1.0,Di,Dr,Di-Dr
801,DB00594,OMIM608622,1.0,Di,Dr,Di-Dr
802,DB00596,OMIM233810,1.0,Di,Dr,Di-Dr
803,DB00598,OMIM110100,1.0,Di,Dr,Di-Dr
804,DB00598,OMIM157700,1.0,Di,Dr,Di-Dr
805,DB00598,OMIM161900,1.0,Di,Dr,Di-Dr
806,DB00598,OMIM171300,1.0,Di,Dr,Di-Dr
807,DB00598,OMIM608622,1.0,Di,Dr,Di-Dr
808,DB00603,OMIM102500,1.0,Di,Dr,Di-Dr
809,DB00603,OMIM131200,1.0,Di,Dr,Di-Dr
810,DB00603,OMIM144700,1.0,Di,Dr,Di-Dr
811,DB00603,OMIM192000,1.0,Di,Dr,Di-Dr
812,DB00603,OMIM605839,1.0,Di,Dr,Di-Dr
813,DB00604,OMIM304790,1.0,Di,Dr,Di-Dr
814,DB00605,OMIM133690,1.0,Di,Dr,Di-Dr
815,DB00605,OMIM140600,1.0,Di,Dr,Di-Dr
816,DB00605,OMIM147530,1.0,Di,Dr,Di-Dr
817,DB00605,OMIM165720,1.0,Di,Dr,Di-Dr
818,DB00605,OMIM175100,1.0,Di,Dr,Di-Dr
819,DB00605,OMIM208230,1.0,Di,Dr,Di-Dr
820,DB00605,OMIM607459,1.0,Di,Dr,Di-Dr
821,DB00605,OMIM607850,1.0,Di,Dr,Di-Dr
822,DB00608,OMIM181000,1.0,Di,Dr,Di-Dr
823,DB00611,OMIM147530,1.0,Di,Dr,Di-Dr
824,DB00612,OMIM110100,1.0,Di,Dr,Di-Dr
825,DB00612,OMIM157700,1.0,Di,Dr,Di-Dr
826,DB00619,OMIM131440,1.0,Di,Dr,Di-Dr
827,DB00619,OMIM247640,1.0,Di,Dr,Di-Dr
828,DB00619,OMIM276300,1.0,Di,Dr,Di-Dr
829,DB00619,OMIM607685,1.0,Di,Dr,Di-Dr
830,DB00620,OMIM104130,1.0,Di,Dr,Di-Dr
831,DB00620,OMIM114580,1.0,Di,Dr,Di-Dr
832,DB00620,OMIM133600,1.0,Di,Dr,Di-Dr
833,DB00620,OMIM147540,1.0,Di,Dr,Di-Dr
834,DB00620,OMIM148100,1.0,Di,Dr,Di-Dr
835,DB00620,OMIM151590,1.0,Di,Dr,Di-Dr
836,DB00620,OMIM152700,1.0,Di,Dr,Di-Dr
837,DB00620,OMIM165199,1.0,Di,Dr,Di-Dr
838,DB00620,OMIM173200,1.0,Di,Dr,Di-Dr
839,DB00620,OMIM181000,1.0,Di,Dr,Di-Dr
840,DB00620,OMIM188030,1.0,Di,Dr,Di-Dr
841,DB00620,OMIM208550,1.0,Di,Dr,Di-Dr
842,DB00620,OMIM223350,1.0,Di,Dr,Di-Dr
843,DB00622,OMIM161900,1.0,Di,Dr,Di-Dr
844,DB00622,OMIM608622,1.0,Di,Dr,Di-Dr
845,DB00623,OMIM181500,1.0,Di,Dr,Di-Dr
846,DB00624,OMIM114480,1.0,Di,Dr,Di-Dr
847,DB00624,OMIM215470,1.0,Di,Dr,Di-Dr
848,DB00624,OMIM241100,1.0,Di,Dr,Di-Dr
849,DB00627,OMIM144010,1.0,Di,Dr,Di-Dr
850,DB00627,OMIM144650,1.0,Di,Dr,Di-Dr
851,DB00630,OMIM102500,1.0,Di,Dr,Di-Dr
852,DB00630,OMIM150600,1.0,Di,Dr,Di-Dr
853,DB00630,OMIM166710,1.0,Di,Dr,Di-Dr
854,DB00630,OMIM167320,1.0,Di,Dr,Di-Dr
855,DB00630,OMIM602080,1.0,Di,Dr,Di-Dr
856,DB00631,OMIM247640,1.0,Di,Dr,Di-Dr
857,DB00635,OMIM109100,1.0,Di,Dr,Di-Dr
858,DB00635,OMIM125600,1.0,Di,Dr,Di-Dr
859,DB00635,OMIM126200,1.0,Di,Dr,Di-Dr
860,DB00635,OMIM133600,1.0,Di,Dr,Di-Dr
861,DB00635,OMIM143880,1.0,Di,Dr,Di-Dr
862,DB00635,OMIM146850,1.0,Di,Dr,Di-Dr
863,DB00635,OMIM147540,1.0,Di,Dr,Di-Dr
864,DB00635,OMIM151590,1.0,Di,Dr,Di-Dr
865,DB00635,OMIM152700,1.0,Di,Dr,Di-Dr
866,DB00635,OMIM157300,1.0,Di,Dr,Di-Dr
867,DB00635,OMIM181000,1.0,Di,Dr,Di-Dr
868,DB00635,OMIM188030,1.0,Di,Dr,Di-Dr
869,DB00635,OMIM205700,1.0,Di,Dr,Di-Dr
870,DB00635,OMIM208550,1.0,Di,Dr,Di-Dr
871,DB00635,OMIM208920,1.0,Di,Dr,Di-Dr
872,DB00635,OMIM223350,1.0,Di,Dr,Di-Dr
873,DB00635,OMIM233810,1.0,Di,Dr,Di-Dr
874,DB00635,OMIM247640,1.0,Di,Dr,Di-Dr
875,DB00635,OMIM254400,1.0,Di,Dr,Di-Dr
876,DB00635,OMIM276300,1.0,Di,Dr,Di-Dr
877,DB00635,OMIM304790,1.0,Di,Dr,Di-Dr
878,DB00635,OMIM600351,1.0,Di,Dr,Di-Dr
879,DB00636,OMIM144650,1.0,Di,Dr,Di-Dr
880,DB00637,OMIM147540,1.0,Di,Dr,Di-Dr
881,DB00640,OMIM194200,1.0,Di,Dr,Di-Dr
882,DB00641,OMIM144010,1.0,Di,Dr,Di-Dr
883,DB00642,OMIM276300,1.0,Di,Dr,Di-Dr
884,DB00644,OMIM146110,1.0,Di,Dr,Di-Dr
885,DB00647,OMIM147530,1.0,Di,Dr,Di-Dr
886,DB00650,OMIM114500,1.0,Di,Dr,Di-Dr
887,DB00650,OMIM176800,1.0,Di,Dr,Di-Dr
888,DB00650,OMIM259500,1.0,Di,Dr,Di-Dr
889,DB00651,OMIM208550,1.0,Di,Dr,Di-Dr
890,DB00651,OMIM210050,1.0,Di,Dr,Di-Dr
891,DB00651,OMIM600807,1.0,Di,Dr,Di-Dr
892,DB00652,OMIM147530,1.0,Di,Dr,Di-Dr
893,DB00653,OMIM127350,1.0,Di,Dr,Di-Dr
894,DB00653,OMIM189800,1.0,Di,Dr,Di-Dr
895,DB00653,OMIM217200,1.0,Di,Dr,Di-Dr
896,DB00653,OMIM239350,1.0,Di,Dr,Di-Dr
897,DB00653,OMIM248190,1.0,Di,Dr,Di-Dr
898,DB00654,OMIM137750,1.0,Di,Dr,Di-Dr
899,DB00654,OMIM137760,1.0,Di,Dr,Di-Dr
900,DB00654,OMIM161900,1.0,Di,Dr,Di-Dr
901,DB00654,OMIM601682,1.0,Di,Dr,Di-Dr
902,DB00655,OMIM215470,1.0,Di,Dr,Di-Dr
903,DB00655,OMIM311360,1.0,Di,Dr,Di-Dr
904,DB00657,OMIM137580,1.0,Di,Dr,Di-Dr
905,DB00657,OMIM145500,1.0,Di,Dr,Di-Dr
906,DB00657,OMIM161900,1.0,Di,Dr,Di-Dr
907,DB00657,OMIM608622,1.0,Di,Dr,Di-Dr
908,DB00659,OMIM103780,1.0,Di,Dr,Di-Dr
909,DB00661,OMIM115000,1.0,Di,Dr,Di-Dr
910,DB00661,OMIM115195,1.0,Di,Dr,Di-Dr
911,DB00661,OMIM157300,1.0,Di,Dr,Di-Dr
912,DB00661,OMIM161900,1.0,Di,Dr,Di-Dr
913,DB00661,OMIM200170,1.0,Di,Dr,Di-Dr
914,DB00661,OMIM607554,1.0,Di,Dr,Di-Dr
915,DB00661,OMIM608583,1.0,Di,Dr,Di-Dr
916,DB00661,OMIM608622,1.0,Di,Dr,Di-Dr
917,DB00668,OMIM137750,1.0,Di,Dr,Di-Dr
918,DB00668,OMIM137760,1.0,Di,Dr,Di-Dr
919,DB00668,OMIM147540,1.0,Di,Dr,Di-Dr
920,DB00668,OMIM208550,1.0,Di,Dr,Di-Dr
921,DB00668,OMIM600807,1.0,Di,Dr,Di-Dr
922,DB00668,OMIM601682,1.0,Di,Dr,Di-Dr
923,DB00669,OMIM157300,1.0,Di,Dr,Di-Dr
924,DB00669,OMIM300125,1.0,Di,Dr,Di-Dr
925,DB00672,OMIM125850,1.0,Di,Dr,Di-Dr
926,DB00672,OMIM125851,1.0,Di,Dr,Di-Dr
927,DB00672,OMIM125853,1.0,Di,Dr,Di-Dr
928,DB00672,OMIM600496,1.0,Di,Dr,Di-Dr
929,DB00674,OMIM104300,1.0,Di,Dr,Di-Dr
930,DB00674,OMIM125320,1.0,Di,Dr,Di-Dr
931,DB00674,OMIM605055,1.0,Di,Dr,Di-Dr
932,DB00675,OMIM114480,1.0,Di,Dr,Di-Dr
933,DB00675,OMIM174800,1.0,Di,Dr,Di-Dr
934,DB00678,OMIM145500,1.0,Di,Dr,Di-Dr
935,DB00678,OMIM146255,1.0,Di,Dr,Di-Dr
936,DB00678,OMIM161900,1.0,Di,Dr,Di-Dr
937,DB00678,OMIM608622,1.0,Di,Dr,Di-Dr
938,DB00679,OMIM181500,1.0,Di,Dr,Di-Dr
939,DB00682,OMIM107320,1.0,Di,Dr,Di-Dr
940,DB00682,OMIM125310,1.0,Di,Dr,Di-Dr
941,DB00682,OMIM540000,1.0,Di,Dr,Di-Dr
942,DB00682,OMIM601367,1.0,Di,Dr,Di-Dr
943,DB00682,OMIM607554,1.0,Di,Dr,Di-Dr
944,DB00682,OMIM608583,1.0,Di,Dr,Di-Dr
945,DB00686,OMIM147530,1.0,Di,Dr,Di-Dr
946,DB00687,OMIM157700,1.0,Di,Dr,Di-Dr
947,DB00687,OMIM252320,1.0,Di,Dr,Di-Dr
948,DB00691,OMIM146255,1.0,Di,Dr,Di-Dr
949,DB00691,OMIM161900,1.0,Di,Dr,Di-Dr
950,DB00691,OMIM608622,1.0,Di,Dr,Di-Dr
951,DB00692,OMIM155100,1.0,Di,Dr,Di-Dr
952,DB00692,OMIM161900,1.0,Di,Dr,Di-Dr
953,DB00692,OMIM171300,1.0,Di,Dr,Di-Dr
954,DB00692,OMIM231200,1.0,Di,Dr,Di-Dr
955,DB00692,OMIM273800,1.0,Di,Dr,Di-Dr
956,DB00692,OMIM608622,1.0,Di,Dr,Di-Dr
957,DB00694,OMIM148000,1.0,Di,Dr,Di-Dr
958,DB00694,OMIM223350,1.0,Di,Dr,Di-Dr
959,DB00694,OMIM247640,1.0,Di,Dr,Di-Dr
960,DB00694,OMIM276300,1.0,Di,Dr,Di-Dr
961,DB00694,OMIM601626,1.0,Di,Dr,Di-Dr
962,DB00695,OMIM143880,1.0,Di,Dr,Di-Dr
963,DB00695,OMIM146255,1.0,Di,Dr,Di-Dr
964,DB00695,OMIM161900,1.0,Di,Dr,Di-Dr
965,DB00695,OMIM166300,1.0,Di,Dr,Di-Dr
966,DB00695,OMIM203700,1.0,Di,Dr,Di-Dr
967,DB00695,OMIM208300,1.0,Di,Dr,Di-Dr
968,DB00695,OMIM210050,1.0,Di,Dr,Di-Dr
969,DB00695,OMIM215140,1.0,Di,Dr,Di-Dr
970,DB00695,OMIM256370,1.0,Di,Dr,Di-Dr
971,DB00695,OMIM600351,1.0,Di,Dr,Di-Dr
972,DB00695,OMIM608622,1.0,Di,Dr,Di-Dr
973,DB00696,OMIM157300,1.0,Di,Dr,Di-Dr
974,DB00696,OMIM300125,1.0,Di,Dr,Di-Dr
975,DB00697,OMIM157300,1.0,Di,Dr,Di-Dr
976,DB00697,OMIM160750,1.0,Di,Dr,Di-Dr
977,DB00697,OMIM190400,1.0,Di,Dr,Di-Dr
978,DB00697,OMIM200170,1.0,Di,Dr,Di-Dr
979,DB00697,OMIM601042,1.0,Di,Dr,Di-Dr
980,DB00704,OMIM103780,1.0,Di,Dr,Di-Dr
981,DB00706,OMIM147530,1.0,Di,Dr,Di-Dr
982,DB00706,OMIM200170,1.0,Di,Dr,Di-Dr
983,DB00706,OMIM310468,1.0,Di,Dr,Di-Dr
984,DB00706,OMIM600082,1.0,Di,Dr,Di-Dr
985,DB00707,OMIM133239,1.0,Di,Dr,Di-Dr
986,DB00710,OMIM102500,1.0,Di,Dr,Di-Dr
987,DB00710,OMIM166710,1.0,Di,Dr,Di-Dr
988,DB00712,OMIM103100,1.0,Di,Dr,Di-Dr
989,DB00712,OMIM140600,1.0,Di,Dr,Di-Dr
990,DB00712,OMIM153880,1.0,Di,Dr,Di-Dr
991,DB00712,OMIM165720,1.0,Di,Dr,Di-Dr
992,DB00712,OMIM208230,1.0,Di,Dr,Di-Dr
993,DB00712,OMIM607459,1.0,Di,Dr,Di-Dr
994,DB00712,OMIM607850,1.0,Di,Dr,Di-Dr
995,DB00714,OMIM168100,1.0,Di,Dr,Di-Dr
996,DB00714,OMIM168600,1.0,Di,Dr,Di-Dr
997,DB00715,OMIM131300,1.0,Di,Dr,Di-Dr
998,DB00715,OMIM164230,1.0,Di,Dr,Di-Dr
999,DB00715,OMIM167870,1.0,Di,Dr,Di-Dr
1000,DB00715,OMIM252320,1.0,Di,Dr,Di-Dr
1001,DB00716,OMIM208550,1.0,Di,Dr,Di-Dr
1002,DB00716,OMIM600807,1.0,Di,Dr,Di-Dr
1003,DB00717,OMIM102500,1.0,Di,Dr,Di-Dr
1004,DB00717,OMIM131200,1.0,Di,Dr,Di-Dr
1005,DB00717,OMIM184700,1.0,Di,Dr,Di-Dr
1006,DB00717,OMIM192000,1.0,Di,Dr,Di-Dr
1007,DB00717,OMIM215470,1.0,Di,Dr,Di-Dr
1008,DB00717,OMIM604416,1.0,Di,Dr,Di-Dr
1009,DB00721,OMIM147530,1.0,Di,Dr,Di-Dr
1010,DB00722,OMIM125310,1.0,Di,Dr,Di-Dr
1011,DB00722,OMIM146255,1.0,Di,Dr,Di-Dr
1012,DB00722,OMIM161900,1.0,Di,Dr,Di-Dr
1013,DB00722,OMIM608320,1.0,Di,Dr,Di-Dr
1014,DB00722,OMIM608622,1.0,Di,Dr,Di-Dr
1015,DB00724,OMIM106400,1.0,Di,Dr,Di-Dr
1016,DB00727,OMIM179600,1.0,Di,Dr,Di-Dr
1017,DB00727,OMIM189800,1.0,Di,Dr,Di-Dr
1018,DB00731,OMIM125850,1.0,Di,Dr,Di-Dr
1019,DB00731,OMIM125851,1.0,Di,Dr,Di-Dr
1020,DB00731,OMIM125853,1.0,Di,Dr,Di-Dr
1021,DB00731,OMIM600496,1.0,Di,Dr,Di-Dr
1022,DB00733,OMIM254200,1.0,Di,Dr,Di-Dr
1023,DB00734,OMIM137580,1.0,Di,Dr,Di-Dr
1024,DB00734,OMIM181500,1.0,Di,Dr,Di-Dr
1025,DB00734,OMIM182830,1.0,Di,Dr,Di-Dr
1026,DB00734,OMIM225740,1.0,Di,Dr,Di-Dr
1027,DB00734,OMIM225755,1.0,Di,Dr,Di-Dr
1028,DB00734,OMIM260970,1.0,Di,Dr,Di-Dr
1029,DB00734,OMIM300494,1.0,Di,Dr,Di-Dr
1030,DB00734,OMIM608033,1.0,Di,Dr,Di-Dr
1031,DB00736,OMIM109350,1.0,Di,Dr,Di-Dr
1032,DB00736,OMIM190310,1.0,Di,Dr,Di-Dr
1033,DB00736,OMIM600263,1.0,Di,Dr,Di-Dr
1034,DB00741,OMIM125600,1.0,Di,Dr,Di-Dr
1035,DB00741,OMIM166760,1.0,Di,Dr,Di-Dr
1036,DB00741,OMIM233810,1.0,Di,Dr,Di-Dr
1037,DB00744,OMIM208550,1.0,Di,Dr,Di-Dr
1038,DB00744,OMIM600807,1.0,Di,Dr,Di-Dr
1039,DB00745,OMIM107650,1.0,Di,Dr,Di-Dr
1040,DB00745,OMIM126200,1.0,Di,Dr,Di-Dr
1041,DB00745,OMIM136200,1.0,Di,Dr,Di-Dr
1042,DB00745,OMIM143465,1.0,Di,Dr,Di-Dr
1043,DB00747,OMIM107550,1.0,Di,Dr,Di-Dr
1044,DB00747,OMIM125320,1.0,Di,Dr,Di-Dr
1045,DB00747,OMIM158280,1.0,Di,Dr,Di-Dr
1046,DB00747,OMIM168100,1.0,Di,Dr,Di-Dr
1047,DB00747,OMIM168600,1.0,Di,Dr,Di-Dr
1048,DB00747,OMIM190310,1.0,Di,Dr,Di-Dr
1049,DB00747,OMIM226150,1.0,Di,Dr,Di-Dr
1050,DB00749,OMIM140600,1.0,Di,Dr,Di-Dr
1051,DB00749,OMIM147530,1.0,Di,Dr,Di-Dr
1052,DB00749,OMIM165720,1.0,Di,Dr,Di-Dr
1053,DB00749,OMIM208230,1.0,Di,Dr,Di-Dr
1054,DB00749,OMIM607459,1.0,Di,Dr,Di-Dr
1055,DB00749,OMIM607850,1.0,Di,Dr,Di-Dr
1056,DB00750,OMIM147530,1.0,Di,Dr,Di-Dr
1057,DB00754,OMIM217200,1.0,Di,Dr,Di-Dr
1058,DB00754,OMIM239350,1.0,Di,Dr,Di-Dr
1059,DB00755,OMIM145100,1.0,Di,Dr,Di-Dr
1060,DB00755,OMIM145200,1.0,Di,Dr,Di-Dr
1061,DB00755,OMIM151590,1.0,Di,Dr,Di-Dr
1062,DB00755,OMIM182000,1.0,Di,Dr,Di-Dr
1063,DB00755,OMIM276300,1.0,Di,Dr,Di-Dr
1064,DB00755,OMIM604416,1.0,Di,Dr,Di-Dr
1065,DB00757,OMIM145590,1.0,Di,Dr,Di-Dr
1066,DB00758,OMIM125310,1.0,Di,Dr,Di-Dr
1067,DB00758,OMIM540000,1.0,Di,Dr,Di-Dr
1068,DB00758,OMIM601367,1.0,Di,Dr,Di-Dr
1069,DB00759,OMIM137400,1.0,Di,Dr,Di-Dr
1070,DB00759,OMIM600263,1.0,Di,Dr,Di-Dr
1071,DB00759,OMIM604416,1.0,Di,Dr,Di-Dr
1072,DB00762,OMIM114500,1.0,Di,Dr,Di-Dr
1073,DB00762,OMIM223350,1.0,Di,Dr,Di-Dr
1074,DB00762,OMIM246470,1.0,Di,Dr,Di-Dr
1075,DB00762,OMIM276300,1.0,Di,Dr,Di-Dr
1076,DB00763,OMIM275000,1.0,Di,Dr,Di-Dr
1077,DB00764,OMIM208550,1.0,Di,Dr,Di-Dr
1078,DB00764,OMIM233810,1.0,Di,Dr,Di-Dr
1079,DB00764,OMIM600807,1.0,Di,Dr,Di-Dr
1080,DB00765,OMIM171300,1.0,Di,Dr,Di-Dr
1081,DB00767,OMIM145590,1.0,Di,Dr,Di-Dr
1082,DB00771,OMIM191390,1.0,Di,Dr,Di-Dr
1083,DB00771,OMIM226150,1.0,Di,Dr,Di-Dr
1084,DB00773,OMIM182280,1.0,Di,Dr,Di-Dr
1085,DB00773,OMIM236000,1.0,Di,Dr,Di-Dr
1086,DB00773,OMIM273300,1.0,Di,Dr,Di-Dr
1087,DB00773,OMIM276300,1.0,Di,Dr,Di-Dr
1088,DB00775,OMIM608320,1.0,Di,Dr,Di-Dr
1089,DB00776,OMIM208700,1.0,Di,Dr,Di-Dr
1090,DB00776,OMIM217200,1.0,Di,Dr,Di-Dr
1091,DB00776,OMIM267740,1.0,Di,Dr,Di-Dr
1092,DB00776,OMIM300491,1.0,Di,Dr,Di-Dr
1093,DB00776,OMIM600131,1.0,Di,Dr,Di-Dr
1094,DB00776,OMIM604827,1.0,Di,Dr,Di-Dr
1095,DB00776,OMIM607628,1.0,Di,Dr,Di-Dr
1096,DB00776,OMIM607631,1.0,Di,Dr,Di-Dr
1097,DB00776,OMIM607681,1.0,Di,Dr,Di-Dr
1098,DB00776,OMIM607682,1.0,Di,Dr,Di-Dr
1099,DB00776,OMIM608105,1.0,Di,Dr,Di-Dr
1100,DB00783,OMIM102500,1.0,Di,Dr,Di-Dr
1101,DB00783,OMIM114480,1.0,Di,Dr,Di-Dr
1102,DB00783,OMIM176807,1.0,Di,Dr,Di-Dr
1103,DB00783,OMIM215470,1.0,Di,Dr,Di-Dr
1104,DB00783,OMIM311360,1.0,Di,Dr,Di-Dr
1105,DB00787,OMIM268320,1.0,Di,Dr,Di-Dr
1106,DB00788,OMIM133600,1.0,Di,Dr,Di-Dr
1107,DB00788,OMIM133690,1.0,Di,Dr,Di-Dr
1108,DB00788,OMIM140600,1.0,Di,Dr,Di-Dr
1109,DB00788,OMIM145590,1.0,Di,Dr,Di-Dr
1110,DB00788,OMIM147530,1.0,Di,Dr,Di-Dr
1111,DB00788,OMIM150600,1.0,Di,Dr,Di-Dr
1112,DB00788,OMIM157300,1.0,Di,Dr,Di-Dr
1113,DB00788,OMIM165720,1.0,Di,Dr,Di-Dr
1114,DB00788,OMIM208230,1.0,Di,Dr,Di-Dr
1115,DB00788,OMIM252320,1.0,Di,Dr,Di-Dr
1116,DB00788,OMIM607459,1.0,Di,Dr,Di-Dr
1117,DB00788,OMIM607850,1.0,Di,Dr,Di-Dr
1118,DB00790,OMIM125310,1.0,Di,Dr,Di-Dr
1119,DB00790,OMIM146255,1.0,Di,Dr,Di-Dr
1120,DB00790,OMIM608320,1.0,Di,Dr,Di-Dr
1121,DB00794,OMIM121201,1.0,Di,Dr,Di-Dr
1122,DB00794,OMIM132090,1.0,Di,Dr,Di-Dr
1123,DB00794,OMIM132100,1.0,Di,Dr,Di-Dr
1124,DB00794,OMIM132300,1.0,Di,Dr,Di-Dr
1125,DB00794,OMIM190300,1.0,Di,Dr,Di-Dr
1126,DB00794,OMIM190310,1.0,Di,Dr,Di-Dr
1127,DB00794,OMIM208700,1.0,Di,Dr,Di-Dr
1128,DB00794,OMIM217200,1.0,Di,Dr,Di-Dr
1129,DB00794,OMIM267740,1.0,Di,Dr,Di-Dr
1130,DB00794,OMIM300491,1.0,Di,Dr,Di-Dr
1131,DB00794,OMIM600131,1.0,Di,Dr,Di-Dr
1132,DB00794,OMIM604827,1.0,Di,Dr,Di-Dr
1133,DB00794,OMIM607628,1.0,Di,Dr,Di-Dr
1134,DB00794,OMIM607631,1.0,Di,Dr,Di-Dr
1135,DB00794,OMIM607681,1.0,Di,Dr,Di-Dr
1136,DB00794,OMIM607682,1.0,Di,Dr,Di-Dr
1137,DB00794,OMIM608105,1.0,Di,Dr,Di-Dr
1138,DB00795,OMIM104130,1.0,Di,Dr,Di-Dr
1139,DB00795,OMIM266600,1.0,Di,Dr,Di-Dr
1140,DB00796,OMIM161900,1.0,Di,Dr,Di-Dr
1141,DB00796,OMIM608622,1.0,Di,Dr,Di-Dr
1142,DB00800,OMIM161900,1.0,Di,Dr,Di-Dr
1143,DB00800,OMIM608622,1.0,Di,Dr,Di-Dr
1144,DB00804,OMIM304790,1.0,Di,Dr,Di-Dr
1145,DB00804,OMIM600351,1.0,Di,Dr,Di-Dr
1146,DB00806,OMIM125310,1.0,Di,Dr,Di-Dr
1147,DB00806,OMIM188050,1.0,Di,Dr,Di-Dr
1148,DB00806,OMIM540000,1.0,Di,Dr,Di-Dr
1149,DB00806,OMIM601367,1.0,Di,Dr,Di-Dr
1150,DB00808,OMIM161900,1.0,Di,Dr,Di-Dr
1151,DB00808,OMIM215140,1.0,Di,Dr,Di-Dr
1152,DB00808,OMIM256370,1.0,Di,Dr,Di-Dr
1153,DB00808,OMIM600351,1.0,Di,Dr,Di-Dr
1154,DB00808,OMIM608622,1.0,Di,Dr,Di-Dr
1155,DB00810,OMIM125320,1.0,Di,Dr,Di-Dr
1156,DB00810,OMIM168100,1.0,Di,Dr,Di-Dr
1157,DB00813,OMIM147530,1.0,Di,Dr,Di-Dr
1158,DB00814,OMIM133690,1.0,Di,Dr,Di-Dr
1159,DB00814,OMIM140600,1.0,Di,Dr,Di-Dr
1160,DB00814,OMIM165720,1.0,Di,Dr,Di-Dr
1161,DB00814,OMIM208230,1.0,Di,Dr,Di-Dr
1162,DB00814,OMIM607459,1.0,Di,Dr,Di-Dr
1163,DB00814,OMIM607850,1.0,Di,Dr,Di-Dr
1164,DB00816,OMIM208550,1.0,Di,Dr,Di-Dr
1165,DB00816,OMIM210050,1.0,Di,Dr,Di-Dr
1166,DB00816,OMIM600807,1.0,Di,Dr,Di-Dr
1167,DB00819,OMIM147480,1.0,Di,Dr,Di-Dr
1168,DB00819,OMIM215140,1.0,Di,Dr,Di-Dr
1169,DB00819,OMIM217200,1.0,Di,Dr,Di-Dr
1170,DB00819,OMIM239350,1.0,Di,Dr,Di-Dr
1171,DB00819,OMIM243200,1.0,Di,Dr,Di-Dr
1172,DB00819,OMIM600351,1.0,Di,Dr,Di-Dr
1173,DB00820,OMIM161900,1.0,Di,Dr,Di-Dr
1174,DB00820,OMIM178600,1.0,Di,Dr,Di-Dr
1175,DB00822,OMIM103780,1.0,Di,Dr,Di-Dr
1176,DB00829,OMIM156000,1.0,Di,Dr,Di-Dr
1177,DB00829,OMIM217200,1.0,Di,Dr,Di-Dr
1178,DB00829,OMIM601042,1.0,Di,Dr,Di-Dr
1179,DB00831,OMIM181500,1.0,Di,Dr,Di-Dr
1180,DB00839,OMIM125850,1.0,Di,Dr,Di-Dr
1181,DB00839,OMIM125851,1.0,Di,Dr,Di-Dr
1182,DB00839,OMIM125853,1.0,Di,Dr,Di-Dr
1183,DB00839,OMIM600496,1.0,Di,Dr,Di-Dr
1184,DB00843,OMIM104300,1.0,Di,Dr,Di-Dr
1185,DB00843,OMIM125320,1.0,Di,Dr,Di-Dr
1186,DB00843,OMIM605055,1.0,Di,Dr,Di-Dr
1187,DB00844,OMIM147530,1.0,Di,Dr,Di-Dr
1188,DB00846,OMIM233810,1.0,Di,Dr,Di-Dr
1189,DB00848,OMIM276300,1.0,Di,Dr,Di-Dr
1190,DB00851,OMIM155600,1.0,Di,Dr,Di-Dr
1191,DB00851,OMIM155601,1.0,Di,Dr,Di-Dr
1192,DB00851,OMIM236000,1.0,Di,Dr,Di-Dr
1193,DB00851,OMIM256700,1.0,Di,Dr,Di-Dr
1194,DB00851,OMIM268220,1.0,Di,Dr,Di-Dr
1195,DB00851,OMIM276300,1.0,Di,Dr,Di-Dr
1196,DB00852,OMIM145590,1.0,Di,Dr,Di-Dr
1197,DB00852,OMIM208550,1.0,Di,Dr,Di-Dr
1198,DB00852,OMIM600807,1.0,Di,Dr,Di-Dr
1199,DB00852,OMIM608088,1.0,Di,Dr,Di-Dr
1200,DB00853,OMIM155600,1.0,Di,Dr,Di-Dr
1201,DB00853,OMIM155601,1.0,Di,Dr,Di-Dr
1202,DB00853,OMIM276300,1.0,Di,Dr,Di-Dr
1203,DB00860,OMIM126200,1.0,Di,Dr,Di-Dr
1204,DB00860,OMIM146850,1.0,Di,Dr,Di-Dr
1205,DB00860,OMIM147540,1.0,Di,Dr,Di-Dr
1206,DB00860,OMIM215140,1.0,Di,Dr,Di-Dr
1207,DB00860,OMIM276300,1.0,Di,Dr,Di-Dr
1208,DB00860,OMIM304790,1.0,Di,Dr,Di-Dr
1209,DB00860,OMIM600351,1.0,Di,Dr,Di-Dr
1210,DB00861,OMIM140600,1.0,Di,Dr,Di-Dr
1211,DB00861,OMIM147530,1.0,Di,Dr,Di-Dr
1212,DB00861,OMIM165720,1.0,Di,Dr,Di-Dr
1213,DB00861,OMIM208230,1.0,Di,Dr,Di-Dr
1214,DB00861,OMIM607459,1.0,Di,Dr,Di-Dr
1215,DB00861,OMIM607850,1.0,Di,Dr,Di-Dr
1216,DB00863,OMIM109350,1.0,Di,Dr,Di-Dr
1217,DB00863,OMIM190310,1.0,Di,Dr,Di-Dr
1218,DB00863,OMIM304790,1.0,Di,Dr,Di-Dr
1219,DB00864,OMIM603165,1.0,Di,Dr,Di-Dr
1220,DB00865,OMIM264120,1.0,Di,Dr,Di-Dr
1221,DB00865,OMIM303110,1.0,Di,Dr,Di-Dr
1222,DB00865,OMIM601665,1.0,Di,Dr,Di-Dr
1223,DB00868,OMIM608088,1.0,Di,Dr,Di-Dr
1224,DB00869,OMIM137750,1.0,Di,Dr,Di-Dr
1225,DB00869,OMIM137760,1.0,Di,Dr,Di-Dr
1226,DB00869,OMIM161900,1.0,Di,Dr,Di-Dr
1227,DB00869,OMIM601682,1.0,Di,Dr,Di-Dr
1228,DB00871,OMIM208550,1.0,Di,Dr,Di-Dr
1229,DB00871,OMIM210050,1.0,Di,Dr,Di-Dr
1230,DB00871,OMIM600807,1.0,Di,Dr,Di-Dr
1231,DB00876,OMIM161900,1.0,Di,Dr,Di-Dr
1232,DB00876,OMIM608622,1.0,Di,Dr,Di-Dr
1233,DB00880,OMIM161900,1.0,Di,Dr,Di-Dr
1234,DB00880,OMIM203700,1.0,Di,Dr,Di-Dr
1235,DB00880,OMIM210050,1.0,Di,Dr,Di-Dr
1236,DB00880,OMIM215140,1.0,Di,Dr,Di-Dr
1237,DB00880,OMIM256370,1.0,Di,Dr,Di-Dr
1238,DB00880,OMIM600351,1.0,Di,Dr,Di-Dr
1239,DB00880,OMIM608622,1.0,Di,Dr,Di-Dr
1240,DB00881,OMIM146255,1.0,Di,Dr,Di-Dr
1241,DB00881,OMIM161900,1.0,Di,Dr,Di-Dr
1242,DB00881,OMIM608622,1.0,Di,Dr,Di-Dr
1243,DB00882,OMIM270960,1.0,Di,Dr,Di-Dr
1244,DB00883,OMIM109350,1.0,Di,Dr,Di-Dr
1245,DB00883,OMIM161900,1.0,Di,Dr,Di-Dr
1246,DB00883,OMIM178600,1.0,Di,Dr,Di-Dr
1247,DB00883,OMIM608320,1.0,Di,Dr,Di-Dr
1248,DB00884,OMIM102500,1.0,Di,Dr,Di-Dr
1249,DB00884,OMIM166710,1.0,Di,Dr,Di-Dr
1250,DB00884,OMIM167320,1.0,Di,Dr,Di-Dr
1251,DB00884,OMIM602080,1.0,Di,Dr,Di-Dr
1252,DB00887,OMIM146255,1.0,Di,Dr,Di-Dr
1253,DB00887,OMIM161900,1.0,Di,Dr,Di-Dr
1254,DB00887,OMIM166300,1.0,Di,Dr,Di-Dr
1255,DB00887,OMIM203700,1.0,Di,Dr,Di-Dr
1256,DB00887,OMIM208300,1.0,Di,Dr,Di-Dr
1257,DB00887,OMIM210050,1.0,Di,Dr,Di-Dr
1258,DB00887,OMIM215140,1.0,Di,Dr,Di-Dr
1259,DB00887,OMIM256370,1.0,Di,Dr,Di-Dr
1260,DB00887,OMIM600351,1.0,Di,Dr,Di-Dr
1261,DB00887,OMIM608622,1.0,Di,Dr,Di-Dr
1262,DB00889,OMIM145590,1.0,Di,Dr,Di-Dr
1263,DB00898,OMIM147530,1.0,Di,Dr,Di-Dr
1264,DB00899,OMIM147530,1.0,Di,Dr,Di-Dr
1265,DB00901,OMIM208550,1.0,Di,Dr,Di-Dr
1266,DB00901,OMIM600807,1.0,Di,Dr,Di-Dr
1267,DB00903,OMIM161900,1.0,Di,Dr,Di-Dr
1268,DB00903,OMIM203700,1.0,Di,Dr,Di-Dr
1269,DB00903,OMIM208300,1.0,Di,Dr,Di-Dr
1270,DB00903,OMIM210050,1.0,Di,Dr,Di-Dr
1271,DB00903,OMIM215140,1.0,Di,Dr,Di-Dr
1272,DB00903,OMIM256370,1.0,Di,Dr,Di-Dr
1273,DB00903,OMIM600351,1.0,Di,Dr,Di-Dr
1274,DB00903,OMIM608622,1.0,Di,Dr,Di-Dr
1275,DB00904,OMIM103780,1.0,Di,Dr,Di-Dr
1276,DB00904,OMIM145590,1.0,Di,Dr,Di-Dr
1277,DB00904,OMIM164230,1.0,Di,Dr,Di-Dr
1278,DB00905,OMIM137750,1.0,Di,Dr,Di-Dr
1279,DB00905,OMIM137760,1.0,Di,Dr,Di-Dr
1280,DB00905,OMIM161900,1.0,Di,Dr,Di-Dr
1281,DB00905,OMIM601682,1.0,Di,Dr,Di-Dr
1282,DB00906,OMIM217200,1.0,Di,Dr,Di-Dr
1283,DB00907,OMIM147530,1.0,Di,Dr,Di-Dr
1284,DB00907,OMIM608088,1.0,Di,Dr,Di-Dr
1285,DB00908,OMIM115000,1.0,Di,Dr,Di-Dr
1286,DB00908,OMIM607554,1.0,Di,Dr,Di-Dr
1287,DB00908,OMIM608583,1.0,Di,Dr,Di-Dr
1288,DB00909,OMIM190300,1.0,Di,Dr,Di-Dr
1289,DB00909,OMIM208700,1.0,Di,Dr,Di-Dr
1290,DB00909,OMIM217200,1.0,Di,Dr,Di-Dr
1291,DB00909,OMIM239350,1.0,Di,Dr,Di-Dr
1292,DB00909,OMIM267740,1.0,Di,Dr,Di-Dr
1293,DB00909,OMIM300491,1.0,Di,Dr,Di-Dr
1294,DB00909,OMIM600131,1.0,Di,Dr,Di-Dr
1295,DB00909,OMIM604827,1.0,Di,Dr,Di-Dr
1296,DB00909,OMIM607628,1.0,Di,Dr,Di-Dr
1297,DB00909,OMIM607631,1.0,Di,Dr,Di-Dr
1298,DB00909,OMIM607681,1.0,Di,Dr,Di-Dr
1299,DB00909,OMIM607682,1.0,Di,Dr,Di-Dr
1300,DB00909,OMIM608105,1.0,Di,Dr,Di-Dr
1301,DB00912,OMIM125850,1.0,Di,Dr,Di-Dr
1302,DB00912,OMIM125851,1.0,Di,Dr,Di-Dr
1303,DB00912,OMIM125853,1.0,Di,Dr,Di-Dr
1304,DB00912,OMIM600496,1.0,Di,Dr,Di-Dr
1305,DB00915,OMIM119500,1.0,Di,Dr,Di-Dr
1306,DB00915,OMIM126200,1.0,Di,Dr,Di-Dr
1307,DB00915,OMIM168100,1.0,Di,Dr,Di-Dr
1308,DB00917,OMIM231090,1.0,Di,Dr,Di-Dr
1309,DB00918,OMIM157300,1.0,Di,Dr,Di-Dr
1310,DB00921,OMIM147530,1.0,Di,Dr,Di-Dr
1311,DB00924,OMIM147530,1.0,Di,Dr,Di-Dr
1312,DB00924,OMIM157300,1.0,Di,Dr,Di-Dr
1313,DB00924,OMIM160750,1.0,Di,Dr,Di-Dr
1314,DB00924,OMIM200170,1.0,Di,Dr,Di-Dr
1315,DB00924,OMIM601042,1.0,Di,Dr,Di-Dr
1316,DB00925,OMIM171300,1.0,Di,Dr,Di-Dr
1317,DB00927,OMIM109350,1.0,Di,Dr,Di-Dr
1318,DB00927,OMIM190310,1.0,Di,Dr,Di-Dr
1319,DB00927,OMIM304790,1.0,Di,Dr,Di-Dr
1320,DB00927,OMIM600263,1.0,Di,Dr,Di-Dr
1321,DB00928,OMIM247200,1.0,Di,Dr,Di-Dr
1322,DB00928,OMIM258360,1.0,Di,Dr,Di-Dr
1323,DB00928,OMIM601004,1.0,Di,Dr,Di-Dr
1324,DB00929,OMIM140600,1.0,Di,Dr,Di-Dr
1325,DB00929,OMIM190310,1.0,Di,Dr,Di-Dr
1326,DB00933,OMIM181500,1.0,Di,Dr,Di-Dr
1327,DB00936,OMIM106400,1.0,Di,Dr,Di-Dr
1328,DB00936,OMIM125600,1.0,Di,Dr,Di-Dr
1329,DB00936,OMIM147530,1.0,Di,Dr,Di-Dr
1330,DB00936,OMIM604416,1.0,Di,Dr,Di-Dr
1331,DB00937,OMIM264120,1.0,Di,Dr,Di-Dr
1332,DB00937,OMIM601665,1.0,Di,Dr,Di-Dr
1333,DB00938,OMIM208550,1.0,Di,Dr,Di-Dr
1334,DB00938,OMIM600807,1.0,Di,Dr,Di-Dr
1335,DB00939,OMIM147530,1.0,Di,Dr,Di-Dr
1336,DB00945,OMIM107320,1.0,Di,Dr,Di-Dr
1337,DB00945,OMIM125310,1.0,Di,Dr,Di-Dr
1338,DB00945,OMIM140600,1.0,Di,Dr,Di-Dr
1339,DB00945,OMIM145590,1.0,Di,Dr,Di-Dr
1340,DB00945,OMIM147530,1.0,Di,Dr,Di-Dr
1341,DB00945,OMIM150600,1.0,Di,Dr,Di-Dr
1342,DB00945,OMIM152700,1.0,Di,Dr,Di-Dr
1343,DB00945,OMIM157300,1.0,Di,Dr,Di-Dr
1344,DB00945,OMIM165720,1.0,Di,Dr,Di-Dr
1345,DB00945,OMIM208230,1.0,Di,Dr,Di-Dr
1346,DB00945,OMIM601367,1.0,Di,Dr,Di-Dr
1347,DB00945,OMIM607459,1.0,Di,Dr,Di-Dr
1348,DB00945,OMIM607850,1.0,Di,Dr,Di-Dr
1349,DB00947,OMIM114480,1.0,Di,Dr,Di-Dr
1350,DB00949,OMIM102100,1.0,Di,Dr,Di-Dr
1351,DB00952,OMIM157300,1.0,Di,Dr,Di-Dr
1352,DB00953,OMIM157300,1.0,Di,Dr,Di-Dr
1353,DB00956,OMIM147530,1.0,Di,Dr,Di-Dr
1354,DB00956,OMIM608088,1.0,Di,Dr,Di-Dr
1355,DB00957,OMIM131200,1.0,Di,Dr,Di-Dr
1356,DB00957,OMIM192000,1.0,Di,Dr,Di-Dr
1357,DB00957,OMIM604416,1.0,Di,Dr,Di-Dr
1358,DB00958,OMIM109800,1.0,Di,Dr,Di-Dr
1359,DB00958,OMIM133239,1.0,Di,Dr,Di-Dr
1360,DB00958,OMIM259500,1.0,Di,Dr,Di-Dr
1361,DB00958,OMIM276300,1.0,Di,Dr,Di-Dr
1362,DB00959,OMIM109100,1.0,Di,Dr,Di-Dr
1363,DB00959,OMIM140600,1.0,Di,Dr,Di-Dr
1364,DB00959,OMIM146850,1.0,Di,Dr,Di-Dr
1365,DB00959,OMIM147540,1.0,Di,Dr,Di-Dr
1366,DB00959,OMIM208550,1.0,Di,Dr,Di-Dr
1367,DB00959,OMIM276300,1.0,Di,Dr,Di-Dr
1368,DB00960,OMIM161900,1.0,Di,Dr,Di-Dr
1369,DB00960,OMIM608622,1.0,Di,Dr,Di-Dr
1370,DB00963,OMIM115645,1.0,Di,Dr,Di-Dr
1371,DB00963,OMIM212350,1.0,Di,Dr,Di-Dr
1372,DB00966,OMIM145500,1.0,Di,Dr,Di-Dr
1373,DB00966,OMIM161900,1.0,Di,Dr,Di-Dr
1374,DB00966,OMIM608622,1.0,Di,Dr,Di-Dr
1375,DB00968,OMIM161900,1.0,Di,Dr,Di-Dr
1376,DB00968,OMIM608622,1.0,Di,Dr,Di-Dr
1377,DB00969,OMIM260570,1.0,Di,Dr,Di-Dr
1378,DB00975,OMIM601367,1.0,Di,Dr,Di-Dr
1379,DB00977,OMIM102500,1.0,Di,Dr,Di-Dr
1380,DB00977,OMIM131200,1.0,Di,Dr,Di-Dr
1381,DB00977,OMIM184700,1.0,Di,Dr,Di-Dr
1382,DB00977,OMIM192000,1.0,Di,Dr,Di-Dr
1383,DB00977,OMIM215470,1.0,Di,Dr,Di-Dr
1384,DB00977,OMIM311360,1.0,Di,Dr,Di-Dr
1385,DB00977,OMIM604416,1.0,Di,Dr,Di-Dr
1386,DB00982,OMIM601626,1.0,Di,Dr,Di-Dr
1387,DB00982,OMIM604416,1.0,Di,Dr,Di-Dr
1388,DB00983,OMIM208550,1.0,Di,Dr,Di-Dr
1389,DB00983,OMIM210050,1.0,Di,Dr,Di-Dr
1390,DB00983,OMIM600807,1.0,Di,Dr,Di-Dr
1391,DB00987,OMIM109543,1.0,Di,Dr,Di-Dr
1392,DB00987,OMIM223350,1.0,Di,Dr,Di-Dr
1393,DB00987,OMIM236000,1.0,Di,Dr,Di-Dr
1394,DB00987,OMIM246470,1.0,Di,Dr,Di-Dr
1395,DB00987,OMIM247640,1.0,Di,Dr,Di-Dr
1396,DB00987,OMIM267730,1.0,Di,Dr,Di-Dr
1397,DB00987,OMIM276300,1.0,Di,Dr,Di-Dr
1398,DB00987,OMIM601626,1.0,Di,Dr,Di-Dr
1399,DB00988,OMIM146255,1.0,Di,Dr,Di-Dr
1400,DB00988,OMIM161900,1.0,Di,Dr,Di-Dr
1401,DB00988,OMIM166300,1.0,Di,Dr,Di-Dr
1402,DB00988,OMIM310468,1.0,Di,Dr,Di-Dr
1403,DB00989,OMIM104300,1.0,Di,Dr,Di-Dr
1404,DB00989,OMIM125320,1.0,Di,Dr,Di-Dr
1405,DB00989,OMIM168100,1.0,Di,Dr,Di-Dr
1406,DB00989,OMIM605055,1.0,Di,Dr,Di-Dr
1407,DB00990,OMIM114480,1.0,Di,Dr,Di-Dr
1408,DB00991,OMIM140600,1.0,Di,Dr,Di-Dr
1409,DB00991,OMIM165720,1.0,Di,Dr,Di-Dr
1410,DB00991,OMIM208230,1.0,Di,Dr,Di-Dr
1411,DB00991,OMIM607459,1.0,Di,Dr,Di-Dr
1412,DB00991,OMIM607850,1.0,Di,Dr,Di-Dr
1413,DB00992,OMIM106400,1.0,Di,Dr,Di-Dr
1414,DB00993,OMIM126200,1.0,Di,Dr,Di-Dr
1415,DB00993,OMIM152700,1.0,Di,Dr,Di-Dr
1416,DB00993,OMIM160300,1.0,Di,Dr,Di-Dr
1417,DB00993,OMIM181000,1.0,Di,Dr,Di-Dr
1418,DB00993,OMIM188030,1.0,Di,Dr,Di-Dr
1419,DB00993,OMIM208920,1.0,Di,Dr,Di-Dr
1420,DB00993,OMIM233810,1.0,Di,Dr,Di-Dr
1421,DB00993,OMIM254200,1.0,Di,Dr,Di-Dr
1422,DB00993,OMIM266600,1.0,Di,Dr,Di-Dr
1423,DB00995,OMIM134750,1.0,Di,Dr,Di-Dr
1424,DB00996,OMIM102300,1.0,Di,Dr,Di-Dr
1425,DB00996,OMIM144110,1.0,Di,Dr,Di-Dr
1426,DB00996,OMIM147530,1.0,Di,Dr,Di-Dr
1427,DB00996,OMIM157300,1.0,Di,Dr,Di-Dr
1428,DB00996,OMIM165199,1.0,Di,Dr,Di-Dr
1429,DB00996,OMIM190300,1.0,Di,Dr,Di-Dr
1430,DB00996,OMIM208700,1.0,Di,Dr,Di-Dr
1431,DB00996,OMIM267740,1.0,Di,Dr,Di-Dr
1432,DB00996,OMIM300491,1.0,Di,Dr,Di-Dr
1433,DB00996,OMIM600131,1.0,Di,Dr,Di-Dr
1434,DB00996,OMIM604827,1.0,Di,Dr,Di-Dr
1435,DB00996,OMIM607628,1.0,Di,Dr,Di-Dr
1436,DB00996,OMIM607631,1.0,Di,Dr,Di-Dr
1437,DB00996,OMIM607681,1.0,Di,Dr,Di-Dr
1438,DB00996,OMIM607682,1.0,Di,Dr,Di-Dr
1439,DB00996,OMIM608105,1.0,Di,Dr,Di-Dr
1440,DB00997,OMIM109800,1.0,Di,Dr,Di-Dr
1441,DB00997,OMIM114480,1.0,Di,Dr,Di-Dr
1442,DB00997,OMIM137215,1.0,Di,Dr,Di-Dr
1443,DB00997,OMIM188470,1.0,Di,Dr,Di-Dr
1444,DB00997,OMIM194070,1.0,Di,Dr,Di-Dr
1445,DB00997,OMIM211980,1.0,Di,Dr,Di-Dr
1446,DB00997,OMIM236000,1.0,Di,Dr,Di-Dr
1447,DB00997,OMIM247640,1.0,Di,Dr,Di-Dr
1448,DB00997,OMIM254500,1.0,Di,Dr,Di-Dr
1449,DB00997,OMIM256700,1.0,Di,Dr,Di-Dr
1450,DB00997,OMIM259500,1.0,Di,Dr,Di-Dr
1451,DB00997,OMIM268220,1.0,Di,Dr,Di-Dr
1452,DB00997,OMIM276300,1.0,Di,Dr,Di-Dr
1453,DB00997,OMIM601626,1.0,Di,Dr,Di-Dr
1454,DB00998,OMIM157300,1.0,Di,Dr,Di-Dr
1455,DB00999,OMIM102500,1.0,Di,Dr,Di-Dr
1456,DB00999,OMIM125700,1.0,Di,Dr,Di-Dr
1457,DB00999,OMIM161900,1.0,Di,Dr,Di-Dr
1458,DB00999,OMIM208300,1.0,Di,Dr,Di-Dr
1459,DB00999,OMIM215140,1.0,Di,Dr,Di-Dr
1460,DB00999,OMIM600351,1.0,Di,Dr,Di-Dr
1461,DB00999,OMIM608622,1.0,Di,Dr,Di-Dr
1462,DB01001,OMIM208550,1.0,Di,Dr,Di-Dr
1463,DB01001,OMIM600807,1.0,Di,Dr,Di-Dr
1464,DB01002,OMIM147530,1.0,Di,Dr,Di-Dr
1465,DB01003,OMIM191390,1.0,Di,Dr,Di-Dr
1466,DB01003,OMIM208550,1.0,Di,Dr,Di-Dr
1467,DB01003,OMIM600807,1.0,Di,Dr,Di-Dr
1468,DB01005,OMIM144700,1.0,Di,Dr,Di-Dr
1469,DB01005,OMIM155600,1.0,Di,Dr,Di-Dr
1470,DB01005,OMIM155601,1.0,Di,Dr,Di-Dr
1471,DB01005,OMIM187950,1.0,Di,Dr,Di-Dr
1472,DB01005,OMIM263300,1.0,Di,Dr,Di-Dr
1473,DB01005,OMIM276300,1.0,Di,Dr,Di-Dr
1474,DB01005,OMIM605839,1.0,Di,Dr,Di-Dr
1475,DB01006,OMIM114480,1.0,Di,Dr,Di-Dr
1476,DB01008,OMIM223350,1.0,Di,Dr,Di-Dr
1477,DB01008,OMIM246470,1.0,Di,Dr,Di-Dr
1478,DB01008,OMIM254450,1.0,Di,Dr,Di-Dr
1479,DB01008,OMIM263300,1.0,Di,Dr,Di-Dr
1480,DB01008,OMIM276300,1.0,Di,Dr,Di-Dr
1481,DB01009,OMIM140600,1.0,Di,Dr,Di-Dr
1482,DB01009,OMIM145590,1.0,Di,Dr,Di-Dr
1483,DB01009,OMIM165720,1.0,Di,Dr,Di-Dr
1484,DB01009,OMIM208230,1.0,Di,Dr,Di-Dr
1485,DB01009,OMIM607459,1.0,Di,Dr,Di-Dr
1486,DB01009,OMIM607850,1.0,Di,Dr,Di-Dr
1487,DB01013,OMIM125600,1.0,Di,Dr,Di-Dr
1488,DB01013,OMIM151590,1.0,Di,Dr,Di-Dr
1489,DB01014,OMIM266600,1.0,Di,Dr,Di-Dr
1490,DB01016,OMIM125850,1.0,Di,Dr,Di-Dr
1491,DB01016,OMIM125851,1.0,Di,Dr,Di-Dr
1492,DB01016,OMIM125853,1.0,Di,Dr,Di-Dr
1493,DB01016,OMIM600496,1.0,Di,Dr,Di-Dr
1494,DB01017,OMIM604416,1.0,Di,Dr,Di-Dr
1495,DB01018,OMIM143465,1.0,Di,Dr,Di-Dr
1496,DB01018,OMIM161900,1.0,Di,Dr,Di-Dr
1497,DB01018,OMIM608622,1.0,Di,Dr,Di-Dr
1498,DB01019,OMIM109350,1.0,Di,Dr,Di-Dr
1499,DB01019,OMIM157950,1.0,Di,Dr,Di-Dr
1500,DB01019,OMIM191800,1.0,Di,Dr,Di-Dr
1501,DB01020,OMIM109350,1.0,Di,Dr,Di-Dr
1502,DB01020,OMIM608320,1.0,Di,Dr,Di-Dr
1503,DB01023,OMIM161900,1.0,Di,Dr,Di-Dr
1504,DB01023,OMIM179600,1.0,Di,Dr,Di-Dr
1505,DB01023,OMIM608622,1.0,Di,Dr,Di-Dr
1506,DB01029,OMIM125850,1.0,Di,Dr,Di-Dr
1507,DB01029,OMIM125851,1.0,Di,Dr,Di-Dr
1508,DB01029,OMIM125853,1.0,Di,Dr,Di-Dr
1509,DB01029,OMIM146255,1.0,Di,Dr,Di-Dr
1510,DB01029,OMIM161900,1.0,Di,Dr,Di-Dr
1511,DB01029,OMIM600496,1.0,Di,Dr,Di-Dr
1512,DB01029,OMIM608622,1.0,Di,Dr,Di-Dr
1513,DB01030,OMIM182280,1.0,Di,Dr,Di-Dr
1514,DB01030,OMIM276300,1.0,Di,Dr,Di-Dr
1515,DB01033,OMIM109543,1.0,Di,Dr,Di-Dr
1516,DB01033,OMIM151400,1.0,Di,Dr,Di-Dr
1517,DB01033,OMIM191390,1.0,Di,Dr,Di-Dr
1518,DB01033,OMIM247640,1.0,Di,Dr,Di-Dr
1519,DB01033,OMIM266600,1.0,Di,Dr,Di-Dr
1520,DB01035,OMIM115000,1.0,Di,Dr,Di-Dr
1521,DB01035,OMIM607554,1.0,Di,Dr,Di-Dr
1522,DB01035,OMIM608583,1.0,Di,Dr,Di-Dr
1523,DB01039,OMIM144010,1.0,Di,Dr,Di-Dr
1524,DB01039,OMIM144650,1.0,Di,Dr,Di-Dr
1525,DB01041,OMIM246300,1.0,Di,Dr,Di-Dr
1526,DB01041,OMIM254500,1.0,Di,Dr,Di-Dr
1527,DB01042,OMIM254500,1.0,Di,Dr,Di-Dr
1528,DB01042,OMIM256700,1.0,Di,Dr,Di-Dr
1529,DB01042,OMIM268220,1.0,Di,Dr,Di-Dr
1530,DB01043,OMIM104300,1.0,Di,Dr,Di-Dr
1531,DB01043,OMIM125320,1.0,Di,Dr,Di-Dr
1532,DB01043,OMIM605055,1.0,Di,Dr,Di-Dr
1533,DB01045,OMIM246300,1.0,Di,Dr,Di-Dr
1534,DB01050,OMIM140600,1.0,Di,Dr,Di-Dr
1535,DB01050,OMIM145590,1.0,Di,Dr,Di-Dr
1536,DB01050,OMIM147530,1.0,Di,Dr,Di-Dr
1537,DB01050,OMIM150600,1.0,Di,Dr,Di-Dr
1538,DB01050,OMIM165720,1.0,Di,Dr,Di-Dr
1539,DB01050,OMIM208230,1.0,Di,Dr,Di-Dr
1540,DB01050,OMIM252320,1.0,Di,Dr,Di-Dr
1541,DB01050,OMIM607459,1.0,Di,Dr,Di-Dr
1542,DB01050,OMIM607850,1.0,Di,Dr,Di-Dr
1543,DB01058,OMIM181460,1.0,Di,Dr,Di-Dr
1544,DB01062,OMIM144110,1.0,Di,Dr,Di-Dr
1545,DB01063,OMIM181500,1.0,Di,Dr,Di-Dr
1546,DB01064,OMIM115000,1.0,Di,Dr,Di-Dr
1547,DB01064,OMIM208550,1.0,Di,Dr,Di-Dr
1548,DB01064,OMIM600807,1.0,Di,Dr,Di-Dr
1549,DB01067,OMIM125850,1.0,Di,Dr,Di-Dr
1550,DB01067,OMIM125851,1.0,Di,Dr,Di-Dr
1551,DB01067,OMIM125853,1.0,Di,Dr,Di-Dr
1552,DB01067,OMIM600496,1.0,Di,Dr,Di-Dr
1553,DB01068,OMIM102100,1.0,Di,Dr,Di-Dr
1554,DB01068,OMIM102300,1.0,Di,Dr,Di-Dr
1555,DB01068,OMIM140600,1.0,Di,Dr,Di-Dr
1556,DB01068,OMIM165720,1.0,Di,Dr,Di-Dr
1557,DB01068,OMIM167870,1.0,Di,Dr,Di-Dr
1558,DB01068,OMIM181500,1.0,Di,Dr,Di-Dr
1559,DB01068,OMIM208230,1.0,Di,Dr,Di-Dr
1560,DB01068,OMIM254770,1.0,Di,Dr,Di-Dr
1561,DB01068,OMIM254800,1.0,Di,Dr,Di-Dr
1562,DB01068,OMIM607459,1.0,Di,Dr,Di-Dr
1563,DB01068,OMIM607850,1.0,Di,Dr,Di-Dr
1564,DB01069,OMIM147540,1.0,Di,Dr,Di-Dr
1565,DB01069,OMIM158280,1.0,Di,Dr,Di-Dr
1566,DB01069,OMIM608088,1.0,Di,Dr,Di-Dr
1567,DB01070,OMIM146255,1.0,Di,Dr,Di-Dr
1568,DB01070,OMIM241519,1.0,Di,Dr,Di-Dr
1569,DB01072,OMIM109100,1.0,Di,Dr,Di-Dr
1570,DB01073,OMIM109543,1.0,Di,Dr,Di-Dr
1571,DB01073,OMIM151400,1.0,Di,Dr,Di-Dr
1572,DB01073,OMIM223350,1.0,Di,Dr,Di-Dr
1573,DB01073,OMIM236000,1.0,Di,Dr,Di-Dr
1574,DB01073,OMIM247640,1.0,Di,Dr,Di-Dr
1575,DB01073,OMIM267730,1.0,Di,Dr,Di-Dr
1576,DB01073,OMIM276300,1.0,Di,Dr,Di-Dr
1577,DB01075,OMIM145590,1.0,Di,Dr,Di-Dr
1578,DB01075,OMIM147540,1.0,Di,Dr,Di-Dr
1579,DB01075,OMIM158280,1.0,Di,Dr,Di-Dr
1580,DB01075,OMIM608088,1.0,Di,Dr,Di-Dr
1581,DB01076,OMIM144010,1.0,Di,Dr,Di-Dr
1582,DB01080,OMIM217200,1.0,Di,Dr,Di-Dr
1583,DB01080,OMIM308350,1.0,Di,Dr,Di-Dr
1584,DB01080,OMIM605021,1.0,Di,Dr,Di-Dr
1585,DB01083,OMIM264120,1.0,Di,Dr,Di-Dr
1586,DB01083,OMIM303110,1.0,Di,Dr,Di-Dr
1587,DB01083,OMIM601665,1.0,Di,Dr,Di-Dr
1588,DB01085,OMIM161900,1.0,Di,Dr,Di-Dr
1589,DB01086,OMIM147530,1.0,Di,Dr,Di-Dr
1590,DB01086,OMIM166760,1.0,Di,Dr,Di-Dr
1591,DB01088,OMIM145500,1.0,Di,Dr,Di-Dr
1592,DB01088,OMIM161900,1.0,Di,Dr,Di-Dr
1593,DB01088,OMIM178600,1.0,Di,Dr,Di-Dr
1594,DB01088,OMIM608622,1.0,Di,Dr,Di-Dr
1595,DB01095,OMIM144010,1.0,Di,Dr,Di-Dr
1596,DB01098,OMIM144010,1.0,Di,Dr,Di-Dr
1597,DB01099,OMIM114580,1.0,Di,Dr,Di-Dr
1598,DB01099,OMIM212050,1.0,Di,Dr,Di-Dr
1599,DB01101,OMIM114480,1.0,Di,Dr,Di-Dr
1600,DB01101,OMIM114500,1.0,Di,Dr,Di-Dr
1601,DB01101,OMIM137215,1.0,Di,Dr,Di-Dr
1602,DB01101,OMIM144700,1.0,Di,Dr,Di-Dr
1603,DB01101,OMIM176807,1.0,Di,Dr,Di-Dr
1604,DB01101,OMIM276300,1.0,Di,Dr,Di-Dr
1605,DB01104,OMIM131300,1.0,Di,Dr,Di-Dr
1606,DB01104,OMIM164230,1.0,Di,Dr,Di-Dr
1607,DB01104,OMIM167870,1.0,Di,Dr,Di-Dr
1608,DB01104,OMIM252320,1.0,Di,Dr,Di-Dr
1609,DB01105,OMIM264120,1.0,Di,Dr,Di-Dr
1610,DB01105,OMIM303110,1.0,Di,Dr,Di-Dr
1611,DB01105,OMIM601665,1.0,Di,Dr,Di-Dr
1612,DB01109,OMIM125310,1.0,Di,Dr,Di-Dr
1613,DB01109,OMIM540000,1.0,Di,Dr,Di-Dr
1614,DB01109,OMIM601367,1.0,Di,Dr,Di-Dr
1615,DB01110,OMIM114580,1.0,Di,Dr,Di-Dr
1616,DB01110,OMIM212050,1.0,Di,Dr,Di-Dr
1617,DB01113,OMIM115000,1.0,Di,Dr,Di-Dr
1618,DB01113,OMIM179600,1.0,Di,Dr,Di-Dr
1619,DB01113,OMIM260570,1.0,Di,Dr,Di-Dr
1620,DB01115,OMIM161900,1.0,Di,Dr,Di-Dr
1621,DB01115,OMIM179600,1.0,Di,Dr,Di-Dr
1622,DB01115,OMIM608622,1.0,Di,Dr,Di-Dr
1623,DB01118,OMIM115000,1.0,Di,Dr,Di-Dr
1624,DB01120,OMIM125853,1.0,Di,Dr,Di-Dr
1625,DB01122,OMIM254200,1.0,Di,Dr,Di-Dr
1626,DB01124,OMIM125850,1.0,Di,Dr,Di-Dr
1627,DB01124,OMIM125851,1.0,Di,Dr,Di-Dr
1628,DB01124,OMIM125853,1.0,Di,Dr,Di-Dr
1629,DB01124,OMIM600496,1.0,Di,Dr,Di-Dr
1630,DB01125,OMIM607554,1.0,Di,Dr,Di-Dr
1631,DB01128,OMIM176807,1.0,Di,Dr,Di-Dr
1632,DB01129,OMIM109350,1.0,Di,Dr,Di-Dr
1633,DB01129,OMIM190310,1.0,Di,Dr,Di-Dr
1634,DB01129,OMIM600263,1.0,Di,Dr,Di-Dr
1635,DB01132,OMIM125850,1.0,Di,Dr,Di-Dr
1636,DB01132,OMIM125851,1.0,Di,Dr,Di-Dr
1637,DB01132,OMIM125853,1.0,Di,Dr,Di-Dr
1638,DB01132,OMIM600496,1.0,Di,Dr,Di-Dr
1639,DB01133,OMIM167320,1.0,Di,Dr,Di-Dr
1640,DB01133,OMIM602080,1.0,Di,Dr,Di-Dr
1641,DB01136,OMIM161900,1.0,Di,Dr,Di-Dr
1642,DB01136,OMIM607554,1.0,Di,Dr,Di-Dr
1643,DB01136,OMIM608622,1.0,Di,Dr,Di-Dr
1644,DB01137,OMIM166760,1.0,Di,Dr,Di-Dr
1645,DB01137,OMIM208550,1.0,Di,Dr,Di-Dr
1646,DB01142,OMIM147530,1.0,Di,Dr,Di-Dr
1647,DB01142,OMIM603165,1.0,Di,Dr,Di-Dr
1648,DB01143,OMIM276300,1.0,Di,Dr,Di-Dr
1649,DB01148,OMIM155100,1.0,Di,Dr,Di-Dr
1650,DB01148,OMIM231200,1.0,Di,Dr,Di-Dr
1651,DB01148,OMIM273800,1.0,Di,Dr,Di-Dr
1652,DB01151,OMIM143465,1.0,Di,Dr,Di-Dr
1653,DB01151,OMIM147530,1.0,Di,Dr,Di-Dr
1654,DB01156,OMIM143465,1.0,Di,Dr,Di-Dr
1655,DB01156,OMIM167870,1.0,Di,Dr,Di-Dr
1656,DB01156,OMIM264120,1.0,Di,Dr,Di-Dr
1657,DB01157,OMIM109100,1.0,Di,Dr,Di-Dr
1658,DB01161,OMIM147530,1.0,Di,Dr,Di-Dr
1659,DB01162,OMIM144110,1.0,Di,Dr,Di-Dr
1660,DB01162,OMIM147530,1.0,Di,Dr,Di-Dr
1661,DB01162,OMIM157950,1.0,Di,Dr,Di-Dr
1662,DB01162,OMIM161900,1.0,Di,Dr,Di-Dr
1663,DB01162,OMIM200170,1.0,Di,Dr,Di-Dr
1664,DB01162,OMIM600082,1.0,Di,Dr,Di-Dr
1665,DB01162,OMIM608622,1.0,Di,Dr,Di-Dr
1666,DB01165,OMIM166760,1.0,Di,Dr,Di-Dr
1667,DB01165,OMIM600263,1.0,Di,Dr,Di-Dr
1668,DB01167,OMIM114580,1.0,Di,Dr,Di-Dr
1669,DB01167,OMIM212050,1.0,Di,Dr,Di-Dr
1670,DB01167,OMIM258360,1.0,Di,Dr,Di-Dr
1671,DB01167,OMIM602068,1.0,Di,Dr,Di-Dr
1672,DB01169,OMIM276300,1.0,Di,Dr,Di-Dr
1673,DB01170,OMIM161900,1.0,Di,Dr,Di-Dr
1674,DB01170,OMIM608622,1.0,Di,Dr,Di-Dr
1675,DB01173,OMIM147530,1.0,Di,Dr,Di-Dr
1676,DB01173,OMIM157300,1.0,Di,Dr,Di-Dr
1677,DB01173,OMIM160750,1.0,Di,Dr,Di-Dr
1678,DB01173,OMIM200170,1.0,Di,Dr,Di-Dr
1679,DB01174,OMIM121200,1.0,Di,Dr,Di-Dr
1680,DB01174,OMIM121201,1.0,Di,Dr,Di-Dr
1681,DB01174,OMIM143500,1.0,Di,Dr,Di-Dr
1682,DB01174,OMIM190310,1.0,Di,Dr,Di-Dr
1683,DB01174,OMIM208085,1.0,Di,Dr,Di-Dr
1684,DB01174,OMIM217200,1.0,Di,Dr,Di-Dr
1685,DB01174,OMIM218800,1.0,Di,Dr,Di-Dr
1686,DB01174,OMIM226150,1.0,Di,Dr,Di-Dr
1687,DB01174,OMIM237450,1.0,Di,Dr,Di-Dr
1688,DB01174,OMIM237500,1.0,Di,Dr,Di-Dr
1689,DB01174,OMIM308600,1.0,Di,Dr,Di-Dr
1690,DB01174,OMIM608217,1.0,Di,Dr,Di-Dr
1691,DB01175,OMIM164230,1.0,Di,Dr,Di-Dr
1692,DB01176,OMIM145590,1.0,Di,Dr,Di-Dr
1693,DB01177,OMIM223350,1.0,Di,Dr,Di-Dr
1694,DB01177,OMIM247640,1.0,Di,Dr,Di-Dr
1695,DB01177,OMIM601626,1.0,Di,Dr,Di-Dr
1696,DB01181,OMIM109543,1.0,Di,Dr,Di-Dr
1697,DB01181,OMIM151400,1.0,Di,Dr,Di-Dr
1698,DB01181,OMIM236000,1.0,Di,Dr,Di-Dr
1699,DB01181,OMIM247640,1.0,Di,Dr,Di-Dr
1700,DB01181,OMIM273300,1.0,Di,Dr,Di-Dr
1701,DB01181,OMIM276300,1.0,Di,Dr,Di-Dr
1702,DB01182,OMIM607554,1.0,Di,Dr,Di-Dr
1703,DB01185,OMIM114480,1.0,Di,Dr,Di-Dr
1704,DB01185,OMIM215470,1.0,Di,Dr,Di-Dr
1705,DB01185,OMIM241100,1.0,Di,Dr,Di-Dr
1706,DB01186,OMIM168100,1.0,Di,Dr,Di-Dr
1707,DB01186,OMIM168600,1.0,Di,Dr,Di-Dr
1708,DB01188,OMIM114580,1.0,Di,Dr,Di-Dr
1709,DB01188,OMIM125600,1.0,Di,Dr,Di-Dr
1710,DB01189,OMIM147530,1.0,Di,Dr,Di-Dr
1711,DB01189,OMIM161900,1.0,Di,Dr,Di-Dr
1712,DB01189,OMIM608622,1.0,Di,Dr,Di-Dr
1713,DB01192,OMIM147530,1.0,Di,Dr,Di-Dr
1714,DB01193,OMIM161900,1.0,Di,Dr,Di-Dr
1715,DB01193,OMIM608622,1.0,Di,Dr,Di-Dr
1716,DB01194,OMIM137750,1.0,Di,Dr,Di-Dr
1717,DB01194,OMIM137760,1.0,Di,Dr,Di-Dr
1718,DB01194,OMIM161900,1.0,Di,Dr,Di-Dr
1719,DB01194,OMIM601682,1.0,Di,Dr,Di-Dr
1720,DB01195,OMIM607554,1.0,Di,Dr,Di-Dr
1721,DB01196,OMIM176807,1.0,Di,Dr,Di-Dr
1722,DB01196,OMIM601518,1.0,Di,Dr,Di-Dr
1723,DB01197,OMIM146255,1.0,Di,Dr,Di-Dr
1724,DB01197,OMIM161900,1.0,Di,Dr,Di-Dr
1725,DB01197,OMIM179600,1.0,Di,Dr,Di-Dr
1726,DB01197,OMIM215140,1.0,Di,Dr,Di-Dr
1727,DB01197,OMIM600351,1.0,Di,Dr,Di-Dr
1728,DB01197,OMIM602522,1.0,Di,Dr,Di-Dr
1729,DB01197,OMIM608622,1.0,Di,Dr,Di-Dr
1730,DB01200,OMIM168100,1.0,Di,Dr,Di-Dr
1731,DB01202,OMIM217200,1.0,Di,Dr,Di-Dr
1732,DB01202,OMIM239350,1.0,Di,Dr,Di-Dr
1733,DB01202,OMIM300491,1.0,Di,Dr,Di-Dr
1734,DB01202,OMIM600131,1.0,Di,Dr,Di-Dr
1735,DB01202,OMIM604827,1.0,Di,Dr,Di-Dr
1736,DB01202,OMIM607628,1.0,Di,Dr,Di-Dr
1737,DB01202,OMIM607631,1.0,Di,Dr,Di-Dr
1738,DB01202,OMIM607681,1.0,Di,Dr,Di-Dr
1739,DB01202,OMIM607682,1.0,Di,Dr,Di-Dr
1740,DB01202,OMIM608105,1.0,Di,Dr,Di-Dr
1741,DB01203,OMIM110100,1.0,Di,Dr,Di-Dr
1742,DB01203,OMIM157700,1.0,Di,Dr,Di-Dr
1743,DB01203,OMIM161900,1.0,Di,Dr,Di-Dr
1744,DB01203,OMIM190300,1.0,Di,Dr,Di-Dr
1745,DB01203,OMIM190310,1.0,Di,Dr,Di-Dr
1746,DB01203,OMIM608622,1.0,Di,Dr,Di-Dr
1747,DB01204,OMIM109543,1.0,Di,Dr,Di-Dr
1748,DB01204,OMIM126200,1.0,Di,Dr,Di-Dr
1749,DB01204,OMIM147530,1.0,Di,Dr,Di-Dr
1750,DB01204,OMIM176807,1.0,Di,Dr,Di-Dr
1751,DB01204,OMIM236000,1.0,Di,Dr,Di-Dr
1752,DB01204,OMIM247640,1.0,Di,Dr,Di-Dr
1753,DB01204,OMIM267730,1.0,Di,Dr,Di-Dr
1754,DB01204,OMIM601626,1.0,Di,Dr,Di-Dr
1755,DB01210,OMIM137750,1.0,Di,Dr,Di-Dr
1756,DB01210,OMIM155100,1.0,Di,Dr,Di-Dr
1757,DB01210,OMIM161900,1.0,Di,Dr,Di-Dr
1758,DB01210,OMIM231200,1.0,Di,Dr,Di-Dr
1759,DB01210,OMIM273800,1.0,Di,Dr,Di-Dr
1760,DB01214,OMIM137750,1.0,Di,Dr,Di-Dr
1761,DB01214,OMIM137760,1.0,Di,Dr,Di-Dr
1762,DB01214,OMIM601682,1.0,Di,Dr,Di-Dr
1763,DB01216,OMIM104130,1.0,Di,Dr,Di-Dr
1764,DB01216,OMIM109200,1.0,Di,Dr,Di-Dr
1765,DB01216,OMIM147530,1.0,Di,Dr,Di-Dr
1766,DB01216,OMIM200170,1.0,Di,Dr,Di-Dr
1767,DB01216,OMIM600082,1.0,Di,Dr,Di-Dr
1768,DB01217,OMIM114480,1.0,Di,Dr,Di-Dr
1769,DB01217,OMIM174800,1.0,Di,Dr,Di-Dr
1770,DB01219,OMIM125310,1.0,Di,Dr,Di-Dr
1771,DB01219,OMIM126200,1.0,Di,Dr,Di-Dr
1772,DB01219,OMIM145600,1.0,Di,Dr,Di-Dr
1773,DB01219,OMIM154276,1.0,Di,Dr,Di-Dr
1774,DB01219,OMIM217150,1.0,Di,Dr,Di-Dr
1775,DB01219,OMIM238800,1.0,Di,Dr,Di-Dr
1776,DB01219,OMIM540000,1.0,Di,Dr,Di-Dr
1777,DB01219,OMIM601042,1.0,Di,Dr,Di-Dr
1778,DB01219,OMIM601367,1.0,Di,Dr,Di-Dr
1779,DB01219,OMIM607225,1.0,Di,Dr,Di-Dr
1780,DB01221,OMIM147530,1.0,Di,Dr,Di-Dr
1781,DB01222,OMIM191390,1.0,Di,Dr,Di-Dr
1782,DB01222,OMIM208550,1.0,Di,Dr,Di-Dr
1783,DB01222,OMIM210050,1.0,Di,Dr,Di-Dr
1784,DB01222,OMIM266600,1.0,Di,Dr,Di-Dr
1785,DB01222,OMIM600807,1.0,Di,Dr,Di-Dr
1786,DB01223,OMIM208550,1.0,Di,Dr,Di-Dr
1787,DB01223,OMIM210050,1.0,Di,Dr,Di-Dr
1788,DB01223,OMIM600807,1.0,Di,Dr,Di-Dr
1789,DB01224,OMIM164230,1.0,Di,Dr,Di-Dr
1790,DB01224,OMIM181500,1.0,Di,Dr,Di-Dr
1791,DB01225,OMIM155100,1.0,Di,Dr,Di-Dr
1792,DB01225,OMIM188050,1.0,Di,Dr,Di-Dr
1793,DB01225,OMIM231200,1.0,Di,Dr,Di-Dr
1794,DB01225,OMIM273800,1.0,Di,Dr,Di-Dr
1795,DB01228,OMIM115000,1.0,Di,Dr,Di-Dr
1796,DB01229,OMIM114480,1.0,Di,Dr,Di-Dr
1797,DB01229,OMIM148000,1.0,Di,Dr,Di-Dr
1798,DB01229,OMIM194070,1.0,Di,Dr,Di-Dr
1799,DB01231,OMIM145590,1.0,Di,Dr,Di-Dr
1800,DB01231,OMIM156000,1.0,Di,Dr,Di-Dr
1801,DB01232,OMIM109100,1.0,Di,Dr,Di-Dr
1802,DB01233,OMIM109350,1.0,Di,Dr,Di-Dr
1803,DB01233,OMIM157300,1.0,Di,Dr,Di-Dr
1804,DB01234,OMIM125600,1.0,Di,Dr,Di-Dr
1805,DB01234,OMIM133600,1.0,Di,Dr,Di-Dr
1806,DB01234,OMIM145590,1.0,Di,Dr,Di-Dr
1807,DB01234,OMIM152700,1.0,Di,Dr,Di-Dr
1808,DB01234,OMIM153880,1.0,Di,Dr,Di-Dr
1809,DB01234,OMIM166760,1.0,Di,Dr,Di-Dr
1810,DB01234,OMIM181000,1.0,Di,Dr,Di-Dr
1811,DB01234,OMIM188030,1.0,Di,Dr,Di-Dr
1812,DB01234,OMIM208550,1.0,Di,Dr,Di-Dr
1813,DB01234,OMIM215140,1.0,Di,Dr,Di-Dr
1814,DB01234,OMIM223350,1.0,Di,Dr,Di-Dr
1815,DB01234,OMIM233810,1.0,Di,Dr,Di-Dr
1816,DB01234,OMIM254400,1.0,Di,Dr,Di-Dr
1817,DB01234,OMIM276300,1.0,Di,Dr,Di-Dr
1818,DB01234,OMIM600351,1.0,Di,Dr,Di-Dr
1819,DB01234,OMIM601608,1.0,Di,Dr,Di-Dr
1820,DB01235,OMIM102300,1.0,Di,Dr,Di-Dr
1821,DB01235,OMIM168100,1.0,Di,Dr,Di-Dr
1822,DB01238,OMIM164230,1.0,Di,Dr,Di-Dr
1823,DB01238,OMIM181500,1.0,Di,Dr,Di-Dr
1824,DB01240,OMIM161900,1.0,Di,Dr,Di-Dr
1825,DB01240,OMIM178600,1.0,Di,Dr,Di-Dr
1826,DB01240,OMIM188030,1.0,Di,Dr,Di-Dr
1827,DB01241,OMIM144010,1.0,Di,Dr,Di-Dr
1828,DB01241,OMIM144650,1.0,Di,Dr,Di-Dr
1829,DB01241,OMIM260480,1.0,Di,Dr,Di-Dr
1830,DB01242,OMIM164230,1.0,Di,Dr,Di-Dr
1831,DB01242,OMIM167870,1.0,Di,Dr,Di-Dr
1832,DB01244,OMIM161900,1.0,Di,Dr,Di-Dr
1833,DB01244,OMIM608622,1.0,Di,Dr,Di-Dr
1834,DB01248,OMIM114480,1.0,Di,Dr,Di-Dr
1835,DB01248,OMIM137215,1.0,Di,Dr,Di-Dr
1836,DB01248,OMIM155600,1.0,Di,Dr,Di-Dr
1837,DB01248,OMIM155601,1.0,Di,Dr,Di-Dr
1838,DB01248,OMIM176807,1.0,Di,Dr,Di-Dr
1839,DB01248,OMIM276300,1.0,Di,Dr,Di-Dr
1840,DB01254,OMIM223350,1.0,Di,Dr,Di-Dr
1841,DB01254,OMIM247640,1.0,Di,Dr,Di-Dr
1842,DB01254,OMIM276300,1.0,Di,Dr,Di-Dr
1843,DB01255,OMIM143465,1.0,Di,Dr,Di-Dr
1844,DB01255,OMIM300494,1.0,Di,Dr,Di-Dr
1845,DB01258,OMIM145500,1.0,Di,Dr,Di-Dr
1846,DB01258,OMIM161900,1.0,Di,Dr,Di-Dr
1847,DB01258,OMIM608622,1.0,Di,Dr,Di-Dr
1848,DB01259,OMIM114480,1.0,Di,Dr,Di-Dr
1849,DB01259,OMIM276300,1.0,Di,Dr,Di-Dr
1850,DB01260,OMIM233810,1.0,Di,Dr,Di-Dr
1851,DB01261,OMIM125850,1.0,Di,Dr,Di-Dr
1852,DB01261,OMIM125851,1.0,Di,Dr,Di-Dr
1853,DB01261,OMIM125853,1.0,Di,Dr,Di-Dr
1854,DB01261,OMIM600496,1.0,Di,Dr,Di-Dr
1855,DB01262,OMIM247200,1.0,Di,Dr,Di-Dr
1856,DB01262,OMIM601004,1.0,Di,Dr,Di-Dr
1857,DB01267,OMIM181500,1.0,Di,Dr,Di-Dr
1858,DB01268,OMIM144700,1.0,Di,Dr,Di-Dr
1859,DB01268,OMIM605839,1.0,Di,Dr,Di-Dr
1860,DB01275,OMIM145500,1.0,Di,Dr,Di-Dr
1861,DB01275,OMIM161900,1.0,Di,Dr,Di-Dr
1862,DB01275,OMIM608622,1.0,Di,Dr,Di-Dr
1863,DB01291,OMIM208550,1.0,Di,Dr,Di-Dr
1864,DB01291,OMIM600807,1.0,Di,Dr,Di-Dr
1865,DB01296,OMIM140600,1.0,Di,Dr,Di-Dr
1866,DB01296,OMIM165720,1.0,Di,Dr,Di-Dr
1867,DB01296,OMIM208230,1.0,Di,Dr,Di-Dr
1868,DB01296,OMIM607459,1.0,Di,Dr,Di-Dr
1869,DB01296,OMIM607850,1.0,Di,Dr,Di-Dr
1870,DB01320,OMIM217200,1.0,Di,Dr,Di-Dr
1871,DB01320,OMIM239350,1.0,Di,Dr,Di-Dr
1872,DB01327,OMIM600803,1.0,Di,Dr,Di-Dr
1873,DB01351,OMIM217200,1.0,Di,Dr,Di-Dr
1874,DB01351,OMIM239350,1.0,Di,Dr,Di-Dr
1875,DB01356,OMIM181500,1.0,Di,Dr,Di-Dr
1876,DB01359,OMIM161900,1.0,Di,Dr,Di-Dr
1877,DB01359,OMIM608622,1.0,Di,Dr,Di-Dr
1878,DB01364,OMIM208550,1.0,Di,Dr,Di-Dr
1879,DB01364,OMIM600807,1.0,Di,Dr,Di-Dr
1880,DB01367,OMIM168100,1.0,Di,Dr,Di-Dr
1881,DB01367,OMIM168600,1.0,Di,Dr,Di-Dr
1882,DB01378,OMIM109350,1.0,Di,Dr,Di-Dr
1883,DB01378,OMIM190310,1.0,Di,Dr,Di-Dr
1884,DB01394,OMIM249100,1.0,Di,Dr,Di-Dr
1885,DB01395,OMIM184700,1.0,Di,Dr,Di-Dr
1886,DB01395,OMIM604416,1.0,Di,Dr,Di-Dr
1887,DB01399,OMIM145590,1.0,Di,Dr,Di-Dr
1888,DB01399,OMIM147530,1.0,Di,Dr,Di-Dr
1889,DB01400,OMIM157950,1.0,Di,Dr,Di-Dr
1890,DB01400,OMIM254200,1.0,Di,Dr,Di-Dr
1891,DB01402,OMIM600263,1.0,Di,Dr,Di-Dr
1892,DB01403,OMIM147530,1.0,Di,Dr,Di-Dr
1893,DB01406,OMIM131200,1.0,Di,Dr,Di-Dr
1894,DB01406,OMIM215140,1.0,Di,Dr,Di-Dr
1895,DB01406,OMIM600351,1.0,Di,Dr,Di-Dr
1896,DB01406,OMIM601608,1.0,Di,Dr,Di-Dr
1897,DB01410,OMIM208550,1.0,Di,Dr,Di-Dr
1898,DB01427,OMIM212110,1.0,Di,Dr,Di-Dr
1899,DB01551,OMIM608088,1.0,Di,Dr,Di-Dr
1900,DB01576,OMIM136200,1.0,Di,Dr,Di-Dr
1901,DB01576,OMIM143465,1.0,Di,Dr,Di-Dr
1902,DB01577,OMIM143465,1.0,Di,Dr,Di-Dr
1903,DB01577,OMIM264120,1.0,Di,Dr,Di-Dr
1904,DB01577,OMIM303110,1.0,Di,Dr,Di-Dr
1905,DB01577,OMIM601665,1.0,Di,Dr,Di-Dr
1906,DB01579,OMIM264120,1.0,Di,Dr,Di-Dr
1907,DB01579,OMIM303110,1.0,Di,Dr,Di-Dr
1908,DB01579,OMIM601665,1.0,Di,Dr,Di-Dr
1909,DB01590,OMIM144700,1.0,Di,Dr,Di-Dr
1910,DB01590,OMIM605839,1.0,Di,Dr,Di-Dr
1911,DB01623,OMIM181500,1.0,Di,Dr,Di-Dr
1912,DB01677,OMIM206200,1.0,Di,Dr,Di-Dr
1913,DB02546,OMIM254400,1.0,Di,Dr,Di-Dr
1914,DB02546,OMIM276300,1.0,Di,Dr,Di-Dr
1915,DB03796,OMIM115300,1.0,Di,Dr,Di-Dr
1916,DB03796,OMIM277350,1.0,Di,Dr,Di-Dr
1917,DB03904,OMIM173200,1.0,Di,Dr,Di-Dr
1918,DB04272,OMIM179800,1.0,Di,Dr,Di-Dr
1919,DB04272,OMIM179830,1.0,Di,Dr,Di-Dr
1920,DB04272,OMIM310468,1.0,Di,Dr,Di-Dr
1921,DB04272,OMIM604278,1.0,Di,Dr,Di-Dr
1922,DB04844,OMIM143100,1.0,Di,Dr,Di-Dr
1923,DB04861,OMIM110100,1.0,Di,Dr,Di-Dr
1924,DB04861,OMIM157700,1.0,Di,Dr,Di-Dr
1925,DB04861,OMIM161900,1.0,Di,Dr,Di-Dr
1926,DB04861,OMIM608622,1.0,Di,Dr,Di-Dr
1927,DB05259,OMIM126200,1.0,Di,Dr,Di-Dr
1928,DB06285,OMIM102500,1.0,Di,Dr,Di-Dr
1929,DB06285,OMIM166710,1.0,Di,Dr,Di-Dr
1930,DB06285,OMIM606842,1.0,Di,Dr,Di-Dr
1931,DB06287,OMIM144700,1.0,Di,Dr,Di-Dr
1932,DB06287,OMIM605839,1.0,Di,Dr,Di-Dr
